designation,timestamp,center_longitude,center_latitude,minX,minY,maxX,maxY,strength,eta at east limb,days from east limb,center_red,center_green,center_blue,txt_url
FS-2016-038,2016-08-02.0,170.9,4.5,159,1,184,12,1017,2016-08-07.1,5.1,191,63,127,http://jsoc.stanford.edu/data/farside/AR_Lists/AR_LIST_2016.08.02_00:00:00.txt
FS-2016-039,2016-08-02.0,157.1,-11.9,150,-18,166,-3,867,2016-08-08.3,6.3,191,191,191,http://jsoc.stanford.edu/data/farside/AR_Lists/AR_LIST_2016.08.02_00:00:00.txt
FS-2015-129,2016-01-01.0,175.0,-5.0,168,-9,179,-1,550,2016-01-01.7,0.7,127,140,25,http://jsoc.stanford.edu/data/farside/AR_Lists/2016/AR_LIST_2016.01.01_00:00:00.txt
FS-2015-130,2016-01-01.0,133.4,18.5,130,16,137,24,217,2016-01-05.0,4.0,0,127,0,http://jsoc.stanford.edu/data/farside/AR_Lists/2016/AR_LIST_2016.01.01_00:00:00.txt
FS-2015-129,2016-01-01.5,170.3,-4.1,161,-11,178,5,1003,2016-01-01.5,0.5,127,140,25,http://jsoc.stanford.edu/data/farside/AR_Lists/2016/AR_LIST_2016.01.01_12:00:00.txt
FS-2015-130,2016-01-01.5,132.4,19.1,127,16,139,26,372,2016-01-04.5,3.5,0,127,0,http://jsoc.stanford.edu/data/farside/AR_Lists/2016/AR_LIST_2016.01.01_12:00:00.txt
FS-2015-129,2016-01-02.0,167.0,-3.2,161,-9,171,5,488,2016-01-02.3,0.3,127,140,25,http://jsoc.stanford.edu/data/farside/AR_Lists/2016/AR_LIST_2016.01.02_00:00:00.txt
FS-2015-130,2016-01-02.0,132.7,19.1,127,16,139,26,280,2016-01-05.0,3.0,0,127,0,http://jsoc.stanford.edu/data/farside/AR_Lists/2016/AR_LIST_2016.01.02_00:00:00.txt
FS-2015-129,2016-01-02.5,163.2,-2.2,162,-3,164,-1,90,2016-01-02.1,0.1,105,20,3,http://jsoc.stanford.edu/data/farside/AR_Lists/2016/AR_LIST_2016.01.02_12:00:00.txt
FS-2015-130,2016-01-02.5,132.7,19.0,127,16,139,26,265,2016-01-04.5,2.5,0,127,0,http://jsoc.stanford.edu/data/farside/AR_Lists/2016/AR_LIST_2016.01.02_12:00:00.txt
FS-2015-130,2016-01-03.0,134.8,18.3,133,17,135,19,47,2016-01-04.8,1.8,29,91,0,http://jsoc.stanford.edu/data/farside/AR_Lists/2016/AR_LIST_2016.01.03_00:00:00.txt
FS-2015-130,2016-01-03.5,133.0,18.9,1,-86,359,89,52,2016-01-04.5,1.5,102,0,0,http://jsoc.stanford.edu/data/farside/AR_Lists/2016/AR_LIST_2016.01.03_12:00:00.txt
FS-2015-130,2016-01-04.0,132.5,19.0,130,18,133,20,23,2016-01-05.0,1.0,10,115,0,http://jsoc.stanford.edu/data/farside/AR_Lists/2016/AR_LIST_2016.01.04_00:00:00.txt
FS-2015-130,2016-01-04.5,132.4,18.9,1,-86,359,89,21,2016-01-04.5,0.5,102,0,0,http://jsoc.stanford.edu/data/farside/AR_Lists/2016/AR_LIST_2016.01.04_12:00:00.txt
FS-2016-001,2016-01-06.5,43.2,22.9,37,19,49,30,483,2016-01-11.4,5.4,255,0,191,http://jsoc.stanford.edu/data/farside/AR_Lists/2016/AR_LIST_2016.01.06_12:00:00.txt
FS-2016-001,2016-01-07.0,41.7,24.0,32,19,49,33,609,2016-01-12.0,5.0,255,0,191,http://jsoc.stanford.edu/data/farside/AR_Lists/2016/AR_LIST_2016.01.07_00:00:00.txt
FS-2016-001,2016-01-07.5,42.0,23.6,32,18,49,33,633,2016-01-11.5,4.5,255,0,191,http://jsoc.stanford.edu/data/farside/AR_Lists/2016/AR_LIST_2016.01.07_12:00:00.txt
FS-2016-001,2016-01-08.0,41.2,24.0,31,18,49,33,558,2016-01-12.1,4.1,255,0,191,http://jsoc.stanford.edu/data/farside/AR_Lists/2016/AR_LIST_2016.01.08_00:00:00.txt
FS-2016-001,2016-01-08.5,41.7,23.8,31,18,49,33,462,2016-01-11.5,3.5,255,0,191,http://jsoc.stanford.edu/data/farside/AR_Lists/2016/AR_LIST_2016.01.08_12:00:00.txt
FS-2016-002,2016-01-08.5,330.4,-20.2,321,-25,340,-12,481,2016-01-16.7,8.7,191,63,127,http://jsoc.stanford.edu/data/farside/AR_Lists/2016/AR_LIST_2016.01.08_12:00:00.txt
FS-2016-001,2016-01-09.0,40.2,25.0,31,19,46,33,358,2016-01-12.1,3.1,255,0,191,http://jsoc.stanford.edu/data/farside/AR_Lists/2016/AR_LIST_2016.01.09_00:00:00.txt
FS-2016-002,2016-01-09.0,331.4,-18.9,321,-25,341,-10,588,2016-01-17.1,8.1,191,63,127,http://jsoc.stanford.edu/data/farside/AR_Lists/2016/AR_LIST_2016.01.09_00:00:00.txt
FS-2016-001,2016-01-09.5,40.4,25.8,33,21,45,33,189,2016-01-11.6,2.6,255,0,191,http://jsoc.stanford.edu/data/farside/AR_Lists/2016/AR_LIST_2016.01.09_12:00:00.txt
FS-2016-002,2016-01-09.5,331.6,-19.4,321,-25,341,-10,678,2016-01-16.6,7.6,191,63,127,http://jsoc.stanford.edu/data/farside/AR_Lists/2016/AR_LIST_2016.01.09_12:00:00.txt
FS-2016-003,2016-01-09.5,329.4,8.0,324,4,336,15,438,2016-01-16.7,7.7,191,191,191,http://jsoc.stanford.edu/data/farside/AR_Lists/2016/AR_LIST_2016.01.09_12:00:00.txt
FS-2016-001,2016-01-10.0,38.6,27.9,37,26,39,28,125,2016-01-12.3,2.3,132,0,38,http://jsoc.stanford.edu/data/farside/AR_Lists/2016/AR_LIST_2016.01.10_00:00:00.txt
FS-2016-002,2016-01-10.0,332.7,-19.0,322,-25,342,-10,664,2016-01-17.0,7.0,191,63,127,http://jsoc.stanford.edu/data/farside/AR_Lists/2016/AR_LIST_2016.01.10_00:00:00.txt
FS-2016-003,2016-01-10.0,330.4,6.4,324,1,342,15,655,2016-01-17.2,7.2,191,191,191,http://jsoc.stanford.edu/data/farside/AR_Lists/2016/AR_LIST_2016.01.10_00:00:00.txt
FS-2016-001,2016-01-10.5,36.6,30.9,4,-61,356,31,23,2016-01-12.0,2.0,115,0,65,http://jsoc.stanford.edu/data/farside/AR_Lists/2016/AR_LIST_2016.01.10_12:00:00.txt
FS-2016-002,2016-01-10.5,332.7,-19.5,322,-25,343,-10,670,2016-01-16.5,6.5,191,63,127,http://jsoc.stanford.edu/data/farside/AR_Lists/2016/AR_LIST_2016.01.10_12:00:00.txt
FS-2016-003,2016-01-10.5,329.3,3.2,322,-11,342,15,1047,2016-01-16.7,6.7,191,191,191,http://jsoc.stanford.edu/data/farside/AR_Lists/2016/AR_LIST_2016.01.10_12:00:00.txt
FS-2016-001,2016-01-11.0,37.0,30.5,4,-61,356,31,14,2016-01-12.4,1.4,115,0,65,http://jsoc.stanford.edu/data/farside/AR_Lists/2016/AR_LIST_2016.01.11_00:00:00.txt
FS-2016-002,2016-01-11.0,333.1,-19.2,323,-25,343,-10,504,2016-01-17.0,6.0,191,63,127,http://jsoc.stanford.edu/data/farside/AR_Lists/2016/AR_LIST_2016.01.11_00:00:00.txt
FS-2016-003,2016-01-11.0,328.0,0.7,324,-1,329,1,1340,2016-01-17.3,6.3,142,43,142,http://jsoc.stanford.edu/data/farside/AR_Lists/2016/AR_LIST_2016.01.11_00:00:00.txt
FS-2016-002,2016-01-11.5,333.5,-19.9,323,-25,343,-13,441,2016-01-16.4,5.4,191,63,127,http://jsoc.stanford.edu/data/farside/AR_Lists/2016/AR_LIST_2016.01.11_12:00:00.txt
FS-2016-003,2016-01-11.5,326.6,0.3,323,-1,329,1,1663,2016-01-16.9,5.9,142,43,142,http://jsoc.stanford.edu/data/farside/AR_Lists/2016/AR_LIST_2016.01.11_12:00:00.txt
FS-2016-002,2016-01-12.0,334.0,-20.1,329,-22,340,-15,233,2016-01-16.9,4.9,191,63,127,http://jsoc.stanford.edu/data/farside/AR_Lists/2016/AR_LIST_2016.01.12_00:00:00.txt
FS-2016-003,2016-01-12.0,325.8,0.7,322,-1,329,1,1567,2016-01-17.5,5.5,142,43,142,http://jsoc.stanford.edu/data/farside/AR_Lists/2016/AR_LIST_2016.01.12_00:00:00.txt
FS-2016-002,2016-01-12.5,334.4,-20.3,330,-22,340,-17,175,2016-01-16.3,4.3,191,63,127,http://jsoc.stanford.edu/data/farside/AR_Lists/2016/AR_LIST_2016.01.12_12:00:00.txt
FS-2016-003,2016-01-12.5,324.4,0.2,321,-1,329,1,1624,2016-01-17.1,5.1,142,43,142,http://jsoc.stanford.edu/data/farside/AR_Lists/2016/AR_LIST_2016.01.12_12:00:00.txt
FS-2016-002,2016-01-13.0,335.0,-20.6,332,-22,340,-17,116,2016-01-16.8,3.8,191,63,127,http://jsoc.stanford.edu/data/farside/AR_Lists/2016/AR_LIST_2016.01.13_00:00:00.txt
FS-2016-003,2016-01-13.0,323.2,0.9,320,-1,329,1,1525,2016-01-17.7,4.7,142,43,142,http://jsoc.stanford.edu/data/farside/AR_Lists/2016/AR_LIST_2016.01.13_00:00:00.txt
FS-2016-002,2016-01-13.5,335.2,-20.8,334,-22,338,-19,37,2016-01-16.3,3.3,191,63,127,http://jsoc.stanford.edu/data/farside/AR_Lists/2016/AR_LIST_2016.01.13_12:00:00.txt
FS-2016-003,2016-01-13.5,321.4,2.0,310,-18,341,22,2009,2016-01-17.4,4.4,191,191,191,http://jsoc.stanford.edu/data/farside/AR_Lists/2016/AR_LIST_2016.01.13_12:00:00.txt
FS-2016-004,2016-01-13.5,286.1,29.6,285,28,287,30,999,2016-01-20.6,7.6,13,45,111,http://jsoc.stanford.edu/data/farside/AR_Lists/2016/AR_LIST_2016.01.13_12:00:00.txt
FS-2016-002,2016-01-14.0,336.5,-21.4,335,-22,337,-20,21,2016-01-16.7,2.7,176,52,105,http://jsoc.stanford.edu/data/farside/AR_Lists/2016/AR_LIST_2016.01.14_00:00:00.txt
FS-2016-003,2016-01-14.0,322.2,-0.3,320,-1,328,1,1671,2016-01-17.8,3.8,142,43,142,http://jsoc.stanford.edu/data/farside/AR_Lists/2016/AR_LIST_2016.01.14_00:00:00.txt
FS-2016-004,2016-01-14.0,285.5,29.7,276,23,298,37,598,2016-01-21.1,7.1,0,51,127,http://jsoc.stanford.edu/data/farside/AR_Lists/2016/AR_LIST_2016.01.14_00:00:00.txt
FS-2016-003,2016-01-14.5,321.3,1.8,320,0,322,2,1376,2016-01-17.4,3.4,108,5,23,http://jsoc.stanford.edu/data/farside/AR_Lists/2016/AR_LIST_2016.01.14_12:00:00.txt
FS-2016-004,2016-01-14.5,286.5,29.4,285,28,287,30,866,2016-01-20.5,6.5,13,45,111,http://jsoc.stanford.edu/data/farside/AR_Lists/2016/AR_LIST_2016.01.14_12:00:00.txt
FS-2016-005,2016-01-14.5,264.0,-3.7,258,-7,271,-1,407,2016-01-21.6,7.6,0,0,255,http://jsoc.stanford.edu/data/farside/AR_Lists/2016/AR_LIST_2016.01.14_12:00:00.txt
FS-2016-003,2016-01-15.0,327.2,1.7,326,0,328,2,926,2016-01-17.5,2.5,116,23,41,http://jsoc.stanford.edu/data/farside/AR_Lists/2016/AR_LIST_2016.01.15_00:00:00.txt
FS-2016-004,2016-01-15.0,287.5,29.3,1,-85,359,89,401,2016-01-20.9,5.9,102,0,0,http://jsoc.stanford.edu/data/farside/AR_Lists/2016/AR_LIST_2016.01.15_00:00:00.txt
FS-2016-005,2016-01-15.0,264.2,-3.8,258,-7,271,-1,295,2016-01-22.1,7.1,0,0,255,http://jsoc.stanford.edu/data/farside/AR_Lists/2016/AR_LIST_2016.01.15_00:00:00.txt
FS-2016-003,2016-01-15.5,334.5,4.5,1,-84,359,89,789,2016-01-16.4,1.4,102,0,0,http://jsoc.stanford.edu/data/farside/AR_Lists/2016/AR_LIST_2016.01.15_12:00:00.txt
FS-2016-004,2016-01-15.5,282.3,23.7,281,22,284,34,1006,2016-01-20.6,5.6,1,50,125,http://jsoc.stanford.edu/data/farside/AR_Lists/2016/AR_LIST_2016.01.15_12:00:00.txt
FS-2016-005,2016-01-15.5,263.8,-3.3,256,-9,273,3,598,2016-01-21.6,6.6,0,0,255,http://jsoc.stanford.edu/data/farside/AR_Lists/2016/AR_LIST_2016.01.15_12:00:00.txt
FS-2016-003,2016-01-16.0,332.3,1.2,166,-66,347,89,267,2016-01-17.1,1.1,106,0,18,http://jsoc.stanford.edu/data/farside/AR_Lists/2016/AR_LIST_2016.01.16_00:00:00.txt
FS-2016-004,2016-01-16.0,280.8,22.9,1,-84,359,89,760,2016-01-21.2,5.2,102,0,0,http://jsoc.stanford.edu/data/farside/AR_Lists/2016/AR_LIST_2016.01.16_00:00:00.txt
FS-2016-005,2016-01-16.0,262.6,-3.0,255,-9,273,3,472,2016-01-22.2,6.2,0,0,255,http://jsoc.stanford.edu/data/farside/AR_Lists/2016/AR_LIST_2016.01.16_00:00:00.txt
FS-2016-003,2016-01-16.5,316.0,1.8,313,0,317,2,114,2016-01-17.8,1.8,113,15,33,http://jsoc.stanford.edu/data/farside/AR_Lists/2016/AR_LIST_2016.01.16_12:00:00.txt
FS-2016-004,2016-01-16.5,280.0,22.3,1,-84,359,89,865,2016-01-20.8,4.8,102,0,0,http://jsoc.stanford.edu/data/farside/AR_Lists/2016/AR_LIST_2016.01.16_12:00:00.txt
FS-2016-005,2016-01-16.5,262.5,-2.6,254,-9,274,5,695,2016-01-21.8,5.8,0,0,255,http://jsoc.stanford.edu/data/farside/AR_Lists/2016/AR_LIST_2016.01.16_12:00:00.txt
FS-2016-003,2016-01-17.0,315.5,3.0,314,2,316,4,22,2016-01-18.4,1.4,156,116,116,http://jsoc.stanford.edu/data/farside/AR_Lists/2016/AR_LIST_2016.01.17_00:00:00.txt
FS-2016-004,2016-01-17.0,276.5,20.0,269,13,295,33,448,2016-01-21.5,4.5,0,51,127,http://jsoc.stanford.edu/data/farside/AR_Lists/2016/AR_LIST_2016.01.17_00:00:00.txt
FS-2016-005,2016-01-17.0,261.5,-2.0,254,-7,274,5,514,2016-01-22.4,5.4,0,0,255,http://jsoc.stanford.edu/data/farside/AR_Lists/2016/AR_LIST_2016.01.17_00:00:00.txt
FS-2016-003,2016-01-17.5,315.5,3.0,314,2,316,4,29,2016-01-17.9,0.9,156,116,116,http://jsoc.stanford.edu/data/farside/AR_Lists/2016/AR_LIST_2016.01.17_12:00:00.txt
FS-2016-004,2016-01-17.5,276.0,20.5,269,13,296,35,408,2016-01-21.0,4.0,0,51,127,http://jsoc.stanford.edu/data/farside/AR_Lists/2016/AR_LIST_2016.01.17_12:00:00.txt
FS-2016-005,2016-01-17.5,261.2,-1.7,254,-2,274,0,645,2016-01-21.9,4.9,4,0,251,http://jsoc.stanford.edu/data/farside/AR_Lists/2016/AR_LIST_2016.01.17_12:00:00.txt
FS-2016-006,2016-01-17.5,244.1,-15.9,237,-20,252,-8,408,2016-01-23.2,6.2,0,127,255,http://jsoc.stanford.edu/data/farside/AR_Lists/2016/AR_LIST_2016.01.17_12:00:00.txt
FS-2016-004,2016-01-18.0,274.0,18.8,269,14,296,35,222,2016-01-21.7,3.7,0,51,127,http://jsoc.stanford.edu/data/farside/AR_Lists/2016/AR_LIST_2016.01.18_00:00:00.txt
FS-2016-005,2016-01-18.0,258.8,-1.0,253,-2,263,0,403,2016-01-22.6,4.6,4,0,251,http://jsoc.stanford.edu/data/farside/AR_Lists/2016/AR_LIST_2016.01.18_00:00:00.txt
FS-2016-007,2016-01-18.0,246.8,15.0,1,-84,359,89,842,2016-01-23.7,5.7,102,0,0,http://jsoc.stanford.edu/data/farside/AR_Lists/2016/AR_LIST_2016.01.18_00:00:00.txt
FS-2016-006,2016-01-18.0,244.2,-15.3,237,-20,252,-8,288,2016-01-23.7,5.7,0,127,255,http://jsoc.stanford.edu/data/farside/AR_Lists/2016/AR_LIST_2016.01.18_00:00:00.txt
FS-2016-004,2016-01-18.5,273.4,19.0,271,14,296,35,121,2016-01-21.2,3.2,0,51,127,http://jsoc.stanford.edu/data/farside/AR_Lists/2016/AR_LIST_2016.01.18_12:00:00.txt
FS-2016-005,2016-01-18.5,258.0,-0.6,253,-1,263,1,323,2016-01-22.2,4.2,99,0,156,http://jsoc.stanford.edu/data/farside/AR_Lists/2016/AR_LIST_2016.01.18_12:00:00.txt
FS-2016-006,2016-01-18.5,244.2,-15.0,237,-20,252,-8,344,2016-01-23.2,5.2,0,127,255,http://jsoc.stanford.edu/data/farside/AR_Lists/2016/AR_LIST_2016.01.18_12:00:00.txt
FS-2016-007,2016-01-18.5,246.3,14.9,245,13,247,15,637,2016-01-23.2,5.2,83,49,49,http://jsoc.stanford.edu/data/farside/AR_Lists/2016/AR_LIST_2016.01.18_12:00:00.txt
FS-2016-004,2016-01-19.0,273.3,16.5,272,15,274,17,22,2016-01-21.7,2.7,26,38,95,http://jsoc.stanford.edu/data/farside/AR_Lists/2016/AR_LIST_2016.01.19_00:00:00.txt
FS-2016-005,2016-01-19.0,255.5,-0.1,253,-1,261,1,150,2016-01-22.9,3.9,99,0,156,http://jsoc.stanford.edu/data/farside/AR_Lists/2016/AR_LIST_2016.01.19_00:00:00.txt
FS-2016-006,2016-01-19.0,243.6,-13.5,242,-14,249,-7,188,2016-01-23.7,4.7,2,125,251,http://jsoc.stanford.edu/data/farside/AR_Lists/2016/AR_LIST_2016.01.19_00:00:00.txt
FS-2016-007,2016-01-19.0,245.8,15.0,241,7,257,24,704,2016-01-23.7,4.7,0,255,255,http://jsoc.stanford.edu/data/farside/AR_Lists/2016/AR_LIST_2016.01.19_00:00:00.txt
FS-2016-005,2016-01-19.5,254.5,1.3,253,0,255,2,131,2016-01-22.5,3.5,38,0,187,http://jsoc.stanford.edu/data/farside/AR_Lists/2016/AR_LIST_2016.01.19_12:00:00.txt
FS-2016-006,2016-01-19.5,243.1,-14.0,242,-15,244,-13,167,2016-01-23.2,4.2,5,120,242,http://jsoc.stanford.edu/data/farside/AR_Lists/2016/AR_LIST_2016.01.19_12:00:00.txt
FS-2016-007,2016-01-19.5,243.1,15.4,241,11,248,23,309,2016-01-23.5,4.5,0,255,255,http://jsoc.stanford.edu/data/farside/AR_Lists/2016/AR_LIST_2016.01.19_12:00:00.txt
FS-2016-005,2016-01-20.0,254.7,1.9,248,0,255,2,52,2016-01-22.9,2.9,100,0,33,http://jsoc.stanford.edu/data/farside/AR_Lists/2016/AR_LIST_2016.01.20_00:00:00.txt
FS-2016-006,2016-01-20.0,241.8,-14.8,240,-16,242,-13,108,2016-01-23.9,3.9,21,106,234,http://jsoc.stanford.edu/data/farside/AR_Lists/2016/AR_LIST_2016.01.20_00:00:00.txt
FS-2016-007,2016-01-20.0,242.9,15.5,241,11,247,23,288,2016-01-24.0,4.0,0,255,255,http://jsoc.stanford.edu/data/farside/AR_Lists/2016/AR_LIST_2016.01.20_00:00:00.txt
FS-2016-008,2016-01-20.0,189.4,-8.9,181,-11,203,-3,611,2016-01-27.8,7.8,0,191,0,http://jsoc.stanford.edu/data/farside/AR_Lists/2016/AR_LIST_2016.01.20_00:00:00.txt
FS-2016-005,2016-01-20.5,254.5,1.8,248,0,255,2,50,2016-01-22.5,2.5,100,0,33,http://jsoc.stanford.edu/data/farside/AR_Lists/2016/AR_LIST_2016.01.20_12:00:00.txt
FS-2016-006,2016-01-20.5,240.6,-15.9,239,-16,241,-14,132,2016-01-23.4,3.4,88,39,167,http://jsoc.stanford.edu/data/farside/AR_Lists/2016/AR_LIST_2016.01.20_12:00:00.txt
FS-2016-007,2016-01-20.5,243.1,14.3,241,11,247,19,143,2016-01-23.5,3.5,0,255,255,http://jsoc.stanford.edu/data/farside/AR_Lists/2016/AR_LIST_2016.01.20_12:00:00.txt
FS-2016-008,2016-01-20.5,189.4,-9.3,181,-14,203,-1,856,2016-01-27.3,7.3,0,191,0,http://jsoc.stanford.edu/data/farside/AR_Lists/2016/AR_LIST_2016.01.20_12:00:00.txt
FS-2016-006,2016-01-21.0,240.0,-16.5,239,-17,241,-15,92,2016-01-24.0,3.0,88,40,167,http://jsoc.stanford.edu/data/farside/AR_Lists/2016/AR_LIST_2016.01.21_00:00:00.txt
FS-2016-007,2016-01-21.0,242.6,15.3,241,14,246,19,121,2016-01-24.0,3.0,0,255,255,http://jsoc.stanford.edu/data/farside/AR_Lists/2016/AR_LIST_2016.01.21_00:00:00.txt
FS-2016-008,2016-01-21.0,189.0,-9.7,181,-16,203,-1,1041,2016-01-27.8,6.8,0,191,0,http://jsoc.stanford.edu/data/farside/AR_Lists/2016/AR_LIST_2016.01.21_00:00:00.txt
FS-2016-007,2016-01-21.5,242.4,14.9,241,13,245,15,89,2016-01-23.5,2.5,20,206,206,http://jsoc.stanford.edu/data/farside/AR_Lists/2016/AR_LIST_2016.01.21_12:00:00.txt
FS-2016-006,2016-01-21.5,239.5,-16.8,238,-18,240,-13,139,2016-01-23.5,2.5,1,125,253,http://jsoc.stanford.edu/data/farside/AR_Lists/2016/AR_LIST_2016.01.21_12:00:00.txt
FS-2016-008,2016-01-21.5,188.3,-9.8,181,-16,198,-1,1050,2016-01-27.4,6.4,0,191,0,http://jsoc.stanford.edu/data/farside/AR_Lists/2016/AR_LIST_2016.01.21_12:00:00.txt
FS-2016-007,2016-01-22.0,242.5,14.9,241,13,245,15,88,2016-01-24.0,2.0,20,206,206,http://jsoc.stanford.edu/data/farside/AR_Lists/2016/AR_LIST_2016.01.22_00:00:00.txt
FS-2016-006,2016-01-22.0,239.6,-16.8,238,-18,240,-13,104,2016-01-24.0,2.0,1,125,253,http://jsoc.stanford.edu/data/farside/AR_Lists/2016/AR_LIST_2016.01.22_00:00:00.txt
FS-2016-008,2016-01-22.0,188.0,-9.7,181,-16,198,-1,832,2016-01-27.9,5.9,0,191,0,http://jsoc.stanford.edu/data/farside/AR_Lists/2016/AR_LIST_2016.01.22_00:00:00.txt
FS-2016-006,2016-01-22.5,239.4,-17.0,238,-18,240,-13,97,2016-01-23.5,1.5,1,125,253,http://jsoc.stanford.edu/data/farside/AR_Lists/2016/AR_LIST_2016.01.22_12:00:00.txt
FS-2016-007,2016-01-22.5,241.9,15.1,240,14,242,16,30,2016-01-23.6,1.6,25,201,222,http://jsoc.stanford.edu/data/farside/AR_Lists/2016/AR_LIST_2016.01.22_12:00:00.txt
FS-2016-008,2016-01-22.5,187.9,-9.8,181,-16,196,-1,795,2016-01-27.4,5.4,0,191,0,http://jsoc.stanford.edu/data/farside/AR_Lists/2016/AR_LIST_2016.01.22_12:00:00.txt
FS-2016-007,2016-01-23.0,243.0,14.5,1,-84,359,89,9,2016-01-24.0,1.0,102,0,0,http://jsoc.stanford.edu/data/farside/AR_Lists/2016/AR_LIST_2016.01.23_00:00:00.txt
FS-2016-006,2016-01-23.0,240.0,-17.0,239,-18,241,-16,3,2016-01-24.0,1.0,118,2,91,http://jsoc.stanford.edu/data/farside/AR_Lists/2016/AR_LIST_2016.01.23_00:00:00.txt
FS-2016-009,2016-01-23.0,196.8,2.7,195,1,198,3,533,2016-01-27.3,4.3,236,112,45,http://jsoc.stanford.edu/data/farside/AR_Lists/2016/AR_LIST_2016.01.23_00:00:00.txt
FS-2016-008,2016-01-23.0,185.8,-7.5,181,-16,196,4,693,2016-01-28.1,5.1,0,191,0,http://jsoc.stanford.edu/data/farside/AR_Lists/2016/AR_LIST_2016.01.23_00:00:00.txt
FS-2016-006,2016-01-23.5,238.8,-18.7,237,-20,239,-17,81,2016-01-23.6,0.6,0,127,255,http://jsoc.stanford.edu/data/farside/AR_Lists/2016/AR_LIST_2016.01.23_12:00:00.txt
FS-2016-009,2016-01-23.5,197.6,1.6,196,0,198,2,652,2016-01-26.8,3.8,236,109,62,http://jsoc.stanford.edu/data/farside/AR_Lists/2016/AR_LIST_2016.01.23_12:00:00.txt
FS-2016-008,2016-01-23.5,186.1,-7.7,181,-16,196,4,588,2016-01-27.6,4.6,0,191,0,http://jsoc.stanford.edu/data/farside/AR_Lists/2016/AR_LIST_2016.01.23_12:00:00.txt
FS-2016-006,2016-01-24.0,237.9,-18.7,236,-19,238,-17,43,2016-01-24.1,0.1,1,126,253,http://jsoc.stanford.edu/data/farside/AR_Lists/2016/AR_LIST_2016.01.24_00:00:00.txt
FS-2016-009,2016-01-24.0,197.0,2.0,188,-9,207,15,734,2016-01-27.3,3.3,255,127,51,http://jsoc.stanford.edu/data/farside/AR_Lists/2016/AR_LIST_2016.01.24_00:00:00.txt
FS-2016-008,2016-01-24.0,184.7,-6.0,181,-13,191,4,429,2016-01-28.2,4.2,0,191,0,http://jsoc.stanford.edu/data/farside/AR_Lists/2016/AR_LIST_2016.01.24_00:00:00.txt
FS-2016-009,2016-01-24.5,196.9,2.0,186,-9,209,15,718,2016-01-26.8,2.8,255,127,51,http://jsoc.stanford.edu/data/farside/AR_Lists/2016/AR_LIST_2016.01.24_12:00:00.txt
FS-2016-008,2016-01-24.5,184.4,-5.7,181,-11,189,3,251,2016-01-27.7,3.7,0,191,0,http://jsoc.stanford.edu/data/farside/AR_Lists/2016/AR_LIST_2016.01.24_12:00:00.txt
FS-2016-009,2016-01-25.0,196.9,2.4,186,-9,209,15,636,2016-01-27.4,2.4,255,127,51,http://jsoc.stanford.edu/data/farside/AR_Lists/2016/AR_LIST_2016.01.25_00:00:00.txt
FS-2016-008,2016-01-25.0,183.5,-4.2,182,-5,184,-3,142,2016-01-28.3,3.3,17,159,0,http://jsoc.stanford.edu/data/farside/AR_Lists/2016/AR_LIST_2016.01.25_00:00:00.txt
FS-2016-009,2016-01-25.5,197.8,2.1,1,-84,359,89,353,2016-01-26.8,1.8,102,0,0,http://jsoc.stanford.edu/data/farside/AR_Lists/2016/AR_LIST_2016.01.25_12:00:00.txt
FS-2016-008,2016-01-25.5,181.8,-0.1,58,-2,182,1,47,2016-01-28.0,3.0,122,0,100,http://jsoc.stanford.edu/data/farside/AR_Lists/2016/AR_LIST_2016.01.25_12:00:00.txt
FS-2016-009,2016-01-26.0,197.5,4.2,1,-83,359,89,163,2016-01-27.3,1.3,102,0,0,http://jsoc.stanford.edu/data/farside/AR_Lists/2016/AR_LIST_2016.01.26_00:00:00.txt
FS-2016-008,2016-01-26.0,182.4,-2.1,181,-3,183,-1,13,2016-01-28.4,2.4,24,146,0,http://jsoc.stanford.edu/data/farside/AR_Lists/2016/AR_LIST_2016.01.26_00:00:00.txt
FS-2016-010,2016-01-26.5,96.0,9.9,87,5,106,17,546,2016-02-03.5,8.5,255,0,255,http://jsoc.stanford.edu/data/farside/AR_Lists/2016/AR_LIST_2016.01.26_12:00:00.txt
FS-2016-011,2016-01-27.0,123.3,4.7,122,3,127,11,533,2016-02-01.9,5.9,254,0,126,http://jsoc.stanford.edu/data/farside/AR_Lists/2016/AR_LIST_2016.01.27_00:00:00.txt
FS-2016-010,2016-01-27.0,95.8,9.6,87,5,106,17,531,2016-02-04.0,8.0,255,0,255,http://jsoc.stanford.edu/data/farside/AR_Lists/2016/AR_LIST_2016.01.27_00:00:00.txt
FS-2016-011,2016-01-27.5,124.1,2.0,121,-7,130,14,710,2016-02-01.3,5.3,255,0,127,http://jsoc.stanford.edu/data/farside/AR_Lists/2016/AR_LIST_2016.01.27_12:00:00.txt
FS-2016-010,2016-01-27.5,95.1,7.3,87,-4,106,17,911,2016-02-03.5,7.5,255,0,255,http://jsoc.stanford.edu/data/farside/AR_Lists/2016/AR_LIST_2016.01.27_12:00:00.txt
FS-2016-011,2016-01-28.0,123.4,5.6,116,-11,130,26,922,2016-02-01.9,4.9,255,0,127,http://jsoc.stanford.edu/data/farside/AR_Lists/2016/AR_LIST_2016.01.28_00:00:00.txt
FS-2016-010,2016-01-28.0,96.0,6.8,87,-4,106,15,952,2016-02-04.0,7.0,255,0,255,http://jsoc.stanford.edu/data/farside/AR_Lists/2016/AR_LIST_2016.01.28_00:00:00.txt
FS-2016-011,2016-01-28.5,123.9,4.2,116,-11,130,26,807,2016-02-01.4,4.4,255,0,127,http://jsoc.stanford.edu/data/farside/AR_Lists/2016/AR_LIST_2016.01.28_12:00:00.txt
FS-2016-010,2016-01-28.5,95.3,8.3,84,-4,108,21,1419,2016-02-03.6,6.6,255,0,255,http://jsoc.stanford.edu/data/farside/AR_Lists/2016/AR_LIST_2016.01.28_12:00:00.txt
FS-2016-011,2016-01-29.0,123.6,5.2,116,-11,130,26,629,2016-02-01.9,3.9,255,0,127,http://jsoc.stanford.edu/data/farside/AR_Lists/2016/AR_LIST_2016.01.29_00:00:00.txt
FS-2016-010,2016-01-29.0,94.4,9.1,80,-5,108,23,1339,2016-02-04.1,6.1,255,0,255,http://jsoc.stanford.edu/data/farside/AR_Lists/2016/AR_LIST_2016.01.29_00:00:00.txt
FS-2016-011,2016-01-29.5,125.2,1.7,123,0,130,2,354,2016-02-01.3,3.3,237,0,127,http://jsoc.stanford.edu/data/farside/AR_Lists/2016/AR_LIST_2016.01.29_12:00:00.txt
FS-2016-010,2016-01-29.5,93.9,9.8,80,-5,108,23,1435,2016-02-03.7,5.7,255,0,255,http://jsoc.stanford.edu/data/farside/AR_Lists/2016/AR_LIST_2016.01.29_12:00:00.txt
FS-2016-011,2016-01-30.0,125.4,2.2,123,-4,130,5,195,2016-02-01.8,2.8,255,0,127,http://jsoc.stanford.edu/data/farside/AR_Lists/2016/AR_LIST_2016.01.30_00:00:00.txt
FS-2016-010,2016-01-30.0,93.8,9.6,80,-5,104,23,1075,2016-02-04.2,5.2,255,0,255,http://jsoc.stanford.edu/data/farside/AR_Lists/2016/AR_LIST_2016.01.30_00:00:00.txt
FS-2016-011,2016-01-30.5,126.5,-0.4,123,-1,128,1,122,2016-02-01.2,2.2,156,0,128,http://jsoc.stanford.edu/data/farside/AR_Lists/2016/AR_LIST_2016.01.30_12:00:00.txt
FS-2016-010,2016-01-30.5,94.3,10.0,80,-4,103,23,987,2016-02-03.7,4.7,255,0,255,http://jsoc.stanford.edu/data/farside/AR_Lists/2016/AR_LIST_2016.01.30_12:00:00.txt
FS-2016-011,2016-01-31.0,127.2,-0.7,125,-1,128,1,79,2016-02-01.6,1.6,156,0,128,http://jsoc.stanford.edu/data/farside/AR_Lists/2016/AR_LIST_2016.01.31_00:00:00.txt
FS-2016-010,2016-01-31.0,96.1,8.1,87,-4,103,17,563,2016-02-04.0,4.0,255,0,255,http://jsoc.stanford.edu/data/farside/AR_Lists/2016/AR_LIST_2016.01.31_00:00:00.txt
FS-2016-011,2016-01-31.5,127.0,-2.0,1,-83,359,89,3,2016-02-01.2,1.2,102,0,0,http://jsoc.stanford.edu/data/farside/AR_Lists/2016/AR_LIST_2016.01.31_12:00:00.txt
FS-2016-010,2016-01-31.5,94.5,10.9,80,5,103,19,708,2016-02-03.7,3.7,255,0,255,http://jsoc.stanford.edu/data/farside/AR_Lists/2016/AR_LIST_2016.01.31_12:00:00.txt
FS-2016-011,2016-02-01.0,127.0,-2.0,1,-83,359,89,1,2016-02-01.7,0.7,102,0,0,http://jsoc.stanford.edu/data/farside/AR_Lists/2016/AR_LIST_2016.02.01_00:00:00.txt
FS-2016-010,2016-02-01.0,94.3,10.4,80,7,103,19,450,2016-02-04.2,3.2,255,0,255,http://jsoc.stanford.edu/data/farside/AR_Lists/2016/AR_LIST_2016.02.01_00:00:00.txt
FS-2016-010,2016-02-01.5,95.6,10.7,80,7,104,19,683,2016-02-03.6,2.6,255,0,255,http://jsoc.stanford.edu/data/farside/AR_Lists/2016/AR_LIST_2016.02.01_12:00:00.txt
FS-2016-010,2016-02-02.0,97.0,9.6,89,7,104,15,389,2016-02-04.0,2.0,255,0,255,http://jsoc.stanford.edu/data/farside/AR_Lists/2016/AR_LIST_2016.02.02_00:00:00.txt
FS-2016-010,2016-02-02.5,97.3,10.0,89,7,104,15,491,2016-02-03.5,1.5,255,0,255,http://jsoc.stanford.edu/data/farside/AR_Lists/2016/AR_LIST_2016.02.02_12:00:00.txt
FS-2016-010,2016-02-03.0,98.1,9.5,91,7,103,15,272,2016-02-04.0,1.0,255,0,255,http://jsoc.stanford.edu/data/farside/AR_Lists/2016/AR_LIST_2016.02.03_00:00:00.txt
FS-2016-010,2016-02-03.5,97.6,9.8,91,7,103,15,357,2016-02-03.5,0.5,255,0,255,http://jsoc.stanford.edu/data/farside/AR_Lists/2016/AR_LIST_2016.02.03_12:00:00.txt
FS-2016-010,2016-02-04.0,95.3,9.4,93,8,96,10,59,2016-02-04.2,0.2,228,0,210,http://jsoc.stanford.edu/data/farside/AR_Lists/2016/AR_LIST_2016.02.04_00:00:00.txt
FS-2016-012,2016-02-06.0,321.7,2.4,317,-3,328,8,468,2016-02-14.1,8.1,127,127,127,http://jsoc.stanford.edu/data/farside/AR_Lists/2016/AR_LIST_2016.02.06_00:00:00.txt
FS-2016-012,2016-02-06.5,321.5,2.7,316,-3,328,10,483,2016-02-13.6,7.6,127,127,127,http://jsoc.stanford.edu/data/farside/AR_Lists/2016/AR_LIST_2016.02.06_12:00:00.txt
FS-2016-012,2016-02-07.0,320.9,2.2,316,-5,328,12,731,2016-02-14.2,7.2,127,127,127,http://jsoc.stanford.edu/data/farside/AR_Lists/2016/AR_LIST_2016.02.07_00:00:00.txt
FS-2016-012,2016-02-07.5,320.9,4.2,312,-5,329,15,1067,2016-02-13.7,6.7,127,127,127,http://jsoc.stanford.edu/data/farside/AR_Lists/2016/AR_LIST_2016.02.07_12:00:00.txt
FS-2016-012,2016-02-08.0,321.7,3.9,312,-6,330,17,1352,2016-02-14.2,6.2,127,127,127,http://jsoc.stanford.edu/data/farside/AR_Lists/2016/AR_LIST_2016.02.08_00:00:00.txt
FS-2016-012,2016-02-08.5,322.6,4.0,312,-9,333,17,1606,2016-02-13.6,5.6,127,127,127,http://jsoc.stanford.edu/data/farside/AR_Lists/2016/AR_LIST_2016.02.08_12:00:00.txt
FS-2016-012,2016-02-09.0,322.1,4.0,313,-9,333,17,1540,2016-02-14.2,5.2,127,127,127,http://jsoc.stanford.edu/data/farside/AR_Lists/2016/AR_LIST_2016.02.09_00:00:00.txt
FS-2016-012,2016-02-09.5,322.1,4.2,313,-9,333,15,1438,2016-02-13.7,4.7,127,127,127,http://jsoc.stanford.edu/data/farside/AR_Lists/2016/AR_LIST_2016.02.09_12:00:00.txt
FS-2016-012,2016-02-10.0,321.1,5.2,314,-6,330,17,1212,2016-02-14.3,4.3,127,127,127,http://jsoc.stanford.edu/data/farside/AR_Lists/2016/AR_LIST_2016.02.10_00:00:00.txt
FS-2016-012,2016-02-10.5,321.3,6.2,314,1,330,17,960,2016-02-13.8,3.8,127,127,127,http://jsoc.stanford.edu/data/farside/AR_Lists/2016/AR_LIST_2016.02.10_12:00:00.txt
FS-2016-012,2016-02-11.0,321.3,6.5,314,1,329,17,936,2016-02-14.3,3.3,127,127,127,http://jsoc.stanford.edu/data/farside/AR_Lists/2016/AR_LIST_2016.02.11_00:00:00.txt
FS-2016-012,2016-02-11.5,321.7,7.0,315,1,329,15,765,2016-02-13.8,2.8,127,127,127,http://jsoc.stanford.edu/data/farside/AR_Lists/2016/AR_LIST_2016.02.11_12:00:00.txt
FS-2016-012,2016-02-12.0,321.9,6.9,316,1,329,15,745,2016-02-14.3,2.3,127,127,127,http://jsoc.stanford.edu/data/farside/AR_Lists/2016/AR_LIST_2016.02.12_00:00:00.txt
FS-2016-013,2016-02-12.0,257.8,8.8,79,4,265,17,487,2016-02-19.1,7.1,255,255,255,http://jsoc.stanford.edu/data/farside/AR_Lists/2016/AR_LIST_2016.02.12_00:00:00.txt
FS-2016-012,2016-02-12.5,322.1,7.6,316,2,329,15,460,2016-02-13.8,1.8,127,127,127,http://jsoc.stanford.edu/data/farside/AR_Lists/2016/AR_LIST_2016.02.12_12:00:00.txt
FS-2016-013,2016-02-12.5,265.2,7.8,253,1,281,18,1214,2016-02-18.0,6.0,255,255,255,http://jsoc.stanford.edu/data/farside/AR_Lists/2016/AR_LIST_2016.02.12_12:00:00.txt
FS-2016-012,2016-02-13.0,322.1,6.7,316,2,328,15,414,2016-02-14.3,1.3,127,127,127,http://jsoc.stanford.edu/data/farside/AR_Lists/2016/AR_LIST_2016.02.13_00:00:00.txt
FS-2016-013,2016-02-13.0,265.1,7.7,80,1,281,22,1666,2016-02-18.5,5.5,255,255,255,http://jsoc.stanford.edu/data/farside/AR_Lists/2016/AR_LIST_2016.02.13_00:00:00.txt
FS-2016-014,2016-02-13.0,207.3,-7.0,201,-11,214,-1,450,2016-02-22.7,9.7,0,38,255,http://jsoc.stanford.edu/data/farside/AR_Lists/2016/AR_LIST_2016.02.13_00:00:00.txt
FS-2016-012,2016-02-13.5,322.0,7.6,319,3,326,15,165,2016-02-13.8,0.8,127,127,127,http://jsoc.stanford.edu/data/farside/AR_Lists/2016/AR_LIST_2016.02.13_12:00:00.txt
FS-2016-013,2016-02-13.5,265.2,7.5,99,1,281,22,1689,2016-02-18.0,5.0,255,255,255,http://jsoc.stanford.edu/data/farside/AR_Lists/2016/AR_LIST_2016.02.13_12:00:00.txt
FS-2016-015,2016-02-13.5,243.2,-13.8,237,-18,250,-6,455,2016-02-19.5,6.5,0,165,255,http://jsoc.stanford.edu/data/farside/AR_Lists/2016/AR_LIST_2016.02.13_12:00:00.txt
FS-2016-014,2016-02-13.5,207.8,-7.2,201,-11,214,-1,432,2016-02-22.2,9.2,0,38,255,http://jsoc.stanford.edu/data/farside/AR_Lists/2016/AR_LIST_2016.02.13_12:00:00.txt
FS-2016-012,2016-02-14.0,322.4,5.9,320,3,326,10,107,2016-02-14.2,0.2,127,127,127,http://jsoc.stanford.edu/data/farside/AR_Lists/2016/AR_LIST_2016.02.14_00:00:00.txt
FS-2016-013,2016-02-14.0,256.7,2.0,80,-14,279,22,2377,2016-02-19.1,5.1,255,255,255,http://jsoc.stanford.edu/data/farside/AR_Lists/2016/AR_LIST_2016.02.14_00:00:00.txt
FS-2016-015,2016-02-14.0,241.7,-16.8,240,-18,242,-15,151,2016-02-20.2,6.2,21,137,234,http://jsoc.stanford.edu/data/farside/AR_Lists/2016/AR_LIST_2016.02.14_00:00:00.txt
FS-2016-014,2016-02-14.0,207.5,-7.0,201,-11,214,-1,535,2016-02-22.7,8.7,0,38,255,http://jsoc.stanford.edu/data/farside/AR_Lists/2016/AR_LIST_2016.02.14_00:00:00.txt
FS-2016-013,2016-02-14.5,254.4,0.4,251,-1,255,1,2218,2016-02-18.8,4.8,137,25,124,http://jsoc.stanford.edu/data/farside/AR_Lists/2016/AR_LIST_2016.02.14_12:00:00.txt
FS-2016-015,2016-02-14.5,241.3,-17.1,240,-18,242,-15,106,2016-02-19.7,5.7,21,137,234,http://jsoc.stanford.edu/data/farside/AR_Lists/2016/AR_LIST_2016.02.14_12:00:00.txt
FS-2016-014,2016-02-14.5,208.2,-6.7,201,-11,214,-1,537,2016-02-22.2,8.2,0,38,255,http://jsoc.stanford.edu/data/farside/AR_Lists/2016/AR_LIST_2016.02.14_12:00:00.txt
FS-2016-013,2016-02-15.0,251.7,-1.3,250,-2,252,0,1738,2016-02-19.5,4.5,143,67,72,http://jsoc.stanford.edu/data/farside/AR_Lists/2016/AR_LIST_2016.02.15_00:00:00.txt
FS-2016-014,2016-02-15.0,209.2,-6.2,201,-11,216,-1,692,2016-02-22.6,7.6,0,38,255,http://jsoc.stanford.edu/data/farside/AR_Lists/2016/AR_LIST_2016.02.15_00:00:00.txt
FS-2016-013,2016-02-15.5,251.3,-1.9,125,-81,305,89,1424,2016-02-19.0,4.0,103,0,4,http://jsoc.stanford.edu/data/farside/AR_Lists/2016/AR_LIST_2016.02.15_12:00:00.txt
FS-2016-014,2016-02-15.5,209.0,-5.2,202,-11,216,-1,689,2016-02-22.1,7.1,0,38,255,http://jsoc.stanford.edu/data/farside/AR_Lists/2016/AR_LIST_2016.02.15_12:00:00.txt
FS-2016-013,2016-02-16.0,249.5,-3.3,1,-82,359,89,1009,2016-02-19.6,3.6,102,0,0,http://jsoc.stanford.edu/data/farside/AR_Lists/2016/AR_LIST_2016.02.16_00:00:00.txt
FS-2016-014,2016-02-16.0,209.7,-4.3,202,-11,218,6,862,2016-02-22.6,6.6,0,38,255,http://jsoc.stanford.edu/data/farside/AR_Lists/2016/AR_LIST_2016.02.16_00:00:00.txt
FS-2016-013,2016-02-16.5,249.1,-3.6,1,-82,359,89,668,2016-02-19.2,3.2,102,0,0,http://jsoc.stanford.edu/data/farside/AR_Lists/2016/AR_LIST_2016.02.16_12:00:00.txt
FS-2016-014,2016-02-16.5,209.7,-2.3,202,-11,218,8,944,2016-02-22.1,6.1,0,38,255,http://jsoc.stanford.edu/data/farside/AR_Lists/2016/AR_LIST_2016.02.16_12:00:00.txt
FS-2016-013,2016-02-17.0,244.3,-3.7,243,-4,245,-1,772,2016-02-20.0,3.0,126,40,40,http://jsoc.stanford.edu/data/farside/AR_Lists/2016/AR_LIST_2016.02.17_00:00:00.txt
FS-2016-014,2016-02-17.0,210.9,-3.8,204,-13,220,8,995,2016-02-22.5,5.5,0,38,255,http://jsoc.stanford.edu/data/farside/AR_Lists/2016/AR_LIST_2016.02.17_00:00:00.txt
FS-2016-013,2016-02-17.5,242.2,-1.8,237,-2,243,0,495,2016-02-19.7,2.7,251,247,251,http://jsoc.stanford.edu/data/farside/AR_Lists/2016/AR_LIST_2016.02.17_12:00:00.txt
FS-2016-014,2016-02-17.5,210.7,-3.3,202,-13,220,8,986,2016-02-22.0,5.0,0,38,255,http://jsoc.stanford.edu/data/farside/AR_Lists/2016/AR_LIST_2016.02.17_12:00:00.txt
FS-2016-013,2016-02-18.0,241.4,-1.0,240,-2,242,0,548,2016-02-20.3,2.3,231,206,231,http://jsoc.stanford.edu/data/farside/AR_Lists/2016/AR_LIST_2016.02.18_00:00:00.txt
FS-2016-014,2016-02-18.0,210.9,-4.1,202,-13,220,6,785,2016-02-22.5,4.5,0,38,255,http://jsoc.stanford.edu/data/farside/AR_Lists/2016/AR_LIST_2016.02.18_00:00:00.txt
FS-2016-016,2016-02-18.0,201.2,35.9,192,31,209,45,444,2016-02-24.1,6.1,0,153,153,http://jsoc.stanford.edu/data/farside/AR_Lists/2016/AR_LIST_2016.02.18_00:00:00.txt
FS-2016-013,2016-02-18.5,241.3,0.2,240,-1,242,1,341,2016-02-19.8,1.8,152,47,152,http://jsoc.stanford.edu/data/farside/AR_Lists/2016/AR_LIST_2016.02.18_12:00:00.txt
FS-2016-014,2016-02-18.5,211.0,-3.5,202,-13,220,8,775,2016-02-22.0,4.0,0,38,255,http://jsoc.stanford.edu/data/farside/AR_Lists/2016/AR_LIST_2016.02.18_12:00:00.txt
FS-2016-016,2016-02-18.5,201.5,36.1,192,31,211,46,611,2016-02-23.6,5.6,0,153,153,http://jsoc.stanford.edu/data/farside/AR_Lists/2016/AR_LIST_2016.02.18_12:00:00.txt
FS-2016-013,2016-02-19.0,239.4,-0.6,238,-1,240,1,272,2016-02-20.5,1.5,156,56,156,http://jsoc.stanford.edu/data/farside/AR_Lists/2016/AR_LIST_2016.02.19_00:00:00.txt
FS-2016-014,2016-02-19.0,211.8,-4.6,207,-11,219,8,598,2016-02-22.5,3.5,0,38,255,http://jsoc.stanford.edu/data/farside/AR_Lists/2016/AR_LIST_2016.02.19_00:00:00.txt
FS-2016-016,2016-02-19.0,201.9,37.0,192,31,212,47,653,2016-02-24.1,5.1,0,153,153,http://jsoc.stanford.edu/data/farside/AR_Lists/2016/AR_LIST_2016.02.19_00:00:00.txt
FS-2016-013,2016-02-19.5,240.0,-0.9,239,-1,241,1,155,2016-02-19.9,0.9,137,18,137,http://jsoc.stanford.edu/data/farside/AR_Lists/2016/AR_LIST_2016.02.19_12:00:00.txt
FS-2016-014,2016-02-19.5,212.0,-4.5,207,-11,219,8,515,2016-02-22.0,3.0,0,38,255,http://jsoc.stanford.edu/data/farside/AR_Lists/2016/AR_LIST_2016.02.19_12:00:00.txt
FS-2016-016,2016-02-19.5,203.2,37.5,192,31,214,47,672,2016-02-23.4,4.4,0,153,153,http://jsoc.stanford.edu/data/farside/AR_Lists/2016/AR_LIST_2016.02.19_12:00:00.txt
FS-2016-013,2016-02-20.0,239.3,-0.8,238,-1,240,1,124,2016-02-20.5,0.5,156,56,156,http://jsoc.stanford.edu/data/farside/AR_Lists/2016/AR_LIST_2016.02.20_00:00:00.txt
FS-2016-014,2016-02-20.0,211.6,-4.5,208,-11,216,5,365,2016-02-22.5,2.5,0,38,255,http://jsoc.stanford.edu/data/farside/AR_Lists/2016/AR_LIST_2016.02.20_00:00:00.txt
FS-2016-016,2016-02-20.0,203.7,39.0,192,31,214,50,644,2016-02-23.9,3.9,0,153,153,http://jsoc.stanford.edu/data/farside/AR_Lists/2016/AR_LIST_2016.02.20_00:00:00.txt
FS-2016-013,2016-02-20.5,238.0,1.0,237,0,239,2,3,2016-02-20.1,0.1,114,15,33,http://jsoc.stanford.edu/data/farside/AR_Lists/2016/AR_LIST_2016.02.20_12:00:00.txt
FS-2016-014,2016-02-20.5,213.4,-5.7,210,-11,218,3,196,2016-02-21.9,1.9,0,38,255,http://jsoc.stanford.edu/data/farside/AR_Lists/2016/AR_LIST_2016.02.20_12:00:00.txt
FS-2016-016,2016-02-20.5,205.1,38.0,193,36,206,39,619,2016-02-23.2,3.2,1,152,152,http://jsoc.stanford.edu/data/farside/AR_Lists/2016/AR_LIST_2016.02.20_12:00:00.txt
FS-2016-017,2016-02-20.5,94.5,13.0,87,10,103,19,641,2016-03-02.0,11.0,127,140,25,http://jsoc.stanford.edu/data/farside/AR_Lists/2016/AR_LIST_2016.02.20_12:00:00.txt
FS-2016-014,2016-02-21.0,212.8,-5.5,211,-6,214,-4,120,2016-02-22.4,1.4,5,36,243,http://jsoc.stanford.edu/data/farside/AR_Lists/2016/AR_LIST_2016.02.21_00:00:00.txt
FS-2016-016,2016-02-21.0,205.1,39.9,200,28,210,49,578,2016-02-23.8,2.8,1,151,151,http://jsoc.stanford.edu/data/farside/AR_Lists/2016/AR_LIST_2016.02.21_00:00:00.txt
FS-2016-017,2016-02-21.0,94.7,12.5,85,9,103,19,828,2016-03-02.5,10.5,127,140,25,http://jsoc.stanford.edu/data/farside/AR_Lists/2016/AR_LIST_2016.02.21_00:00:00.txt
FS-2016-014,2016-02-21.5,215.5,-10.0,213,-11,218,-8,52,2016-02-21.7,0.7,0,38,255,http://jsoc.stanford.edu/data/farside/AR_Lists/2016/AR_LIST_2016.02.21_12:00:00.txt
FS-2016-016,2016-02-21.5,206.5,39.0,204,37,207,40,510,2016-02-23.1,2.1,21,121,121,http://jsoc.stanford.edu/data/farside/AR_Lists/2016/AR_LIST_2016.02.21_12:00:00.txt
FS-2016-017,2016-02-21.5,94.1,12.5,84,7,104,21,1143,2016-03-02.0,10.0,127,140,25,http://jsoc.stanford.edu/data/farside/AR_Lists/2016/AR_LIST_2016.02.21_12:00:00.txt
FS-2016-014,2016-02-22.0,215.6,-10.0,213,-11,218,-8,35,2016-02-22.2,0.2,0,38,255,http://jsoc.stanford.edu/data/farside/AR_Lists/2016/AR_LIST_2016.02.22_00:00:00.txt
FS-2016-016,2016-02-22.0,206.5,40.4,1,-82,359,89,321,2016-02-23.6,1.6,102,0,0,http://jsoc.stanford.edu/data/farside/AR_Lists/2016/AR_LIST_2016.02.22_00:00:00.txt
FS-2016-017,2016-02-22.0,94.3,12.5,82,7,104,21,1395,2016-03-02.5,9.5,127,140,25,http://jsoc.stanford.edu/data/farside/AR_Lists/2016/AR_LIST_2016.02.22_00:00:00.txt
FS-2016-016,2016-02-22.5,208.7,38.3,1,-82,359,89,204,2016-02-22.8,0.8,102,0,0,http://jsoc.stanford.edu/data/farside/AR_Lists/2016/AR_LIST_2016.02.22_12:00:00.txt
FS-2016-017,2016-02-22.5,94.5,12.7,82,7,105,21,1374,2016-03-02.0,9.0,127,140,25,http://jsoc.stanford.edu/data/farside/AR_Lists/2016/AR_LIST_2016.02.22_12:00:00.txt
FS-2016-016,2016-02-23.0,208.7,41.7,1,-82,359,89,8,2016-02-23.3,0.3,102,0,0,http://jsoc.stanford.edu/data/farside/AR_Lists/2016/AR_LIST_2016.02.23_00:00:00.txt
FS-2016-017,2016-02-23.0,100.8,10.7,80,1,119,21,2273,2016-03-02.0,8.0,127,140,25,http://jsoc.stanford.edu/data/farside/AR_Lists/2016/AR_LIST_2016.02.23_00:00:00.txt
FS-2016-017,2016-02-23.5,103.4,9.5,80,1,123,21,2403,2016-03-01.3,7.3,127,140,25,http://jsoc.stanford.edu/data/farside/AR_Lists/2016/AR_LIST_2016.02.23_12:00:00.txt
FS-2016-017,2016-02-24.0,103.6,9.5,80,1,123,22,2582,2016-03-01.8,6.8,127,140,25,http://jsoc.stanford.edu/data/farside/AR_Lists/2016/AR_LIST_2016.02.24_00:00:00.txt
FS-2016-017,2016-02-24.5,105.7,9.1,82,1,123,22,2495,2016-03-01.1,6.1,127,140,25,http://jsoc.stanford.edu/data/farside/AR_Lists/2016/AR_LIST_2016.02.24_12:00:00.txt
FS-2016-017,2016-02-25.0,104.4,9.5,80,1,123,24,2788,2016-03-01.8,5.8,127,140,25,http://jsoc.stanford.edu/data/farside/AR_Lists/2016/AR_LIST_2016.02.25_00:00:00.txt
FS-2016-017,2016-02-25.5,105.6,9.3,104,7,106,10,2503,2016-03-01.2,5.2,125,131,23,http://jsoc.stanford.edu/data/farside/AR_Lists/2016/AR_LIST_2016.02.25_12:00:00.txt
FS-2016-017,2016-02-26.0,104.6,9.4,79,7,105,15,2793,2016-03-01.8,4.8,103,6,1,http://jsoc.stanford.edu/data/farside/AR_Lists/2016/AR_LIST_2016.02.26_00:00:00.txt
FS-2016-017,2016-02-26.5,104.7,9.5,80,1,123,24,2398,2016-03-01.3,4.3,127,140,25,http://jsoc.stanford.edu/data/farside/AR_Lists/2016/AR_LIST_2016.02.26_12:00:00.txt
FS-2016-017,2016-02-27.0,103.5,10.2,102,7,104,12,2413,2016-03-01.9,3.9,105,19,3,http://jsoc.stanford.edu/data/farside/AR_Lists/2016/AR_LIST_2016.02.27_00:00:00.txt
FS-2016-017,2016-02-27.5,101.3,11.3,100,10,102,12,2146,2016-03-01.5,3.5,120,101,18,http://jsoc.stanford.edu/data/farside/AR_Lists/2016/AR_LIST_2016.02.27_12:00:00.txt
FS-2016-017,2016-02-28.0,100.7,11.4,99,7,106,22,1989,2016-03-02.1,3.1,104,10,2,http://jsoc.stanford.edu/data/farside/AR_Lists/2016/AR_LIST_2016.02.28_00:00:00.txt
FS-2016-017,2016-02-28.5,97.0,13.0,80,2,124,24,1657,2016-03-01.9,2.9,127,140,25,http://jsoc.stanford.edu/data/farside/AR_Lists/2016/AR_LIST_2016.02.28_12:00:00.txt
FS-2016-017,2016-02-29.0,97.1,12.7,80,2,124,24,1373,2016-03-02.4,2.4,127,140,25,http://jsoc.stanford.edu/data/farside/AR_Lists/2016/AR_LIST_2016.02.29_00:00:00.txt
FS-2016-017,2016-02-29.5,92.8,13.6,80,4,119,24,1180,2016-03-02.2,2.2,127,140,25,http://jsoc.stanford.edu/data/farside/AR_Lists/2016/AR_LIST_2016.02.29_12:00:00.txt
FS-2016-017,2016-03-01.0,89.7,13.8,80,9,103,23,774,2016-03-03.0,2.0,127,140,25,http://jsoc.stanford.edu/data/farside/AR_Lists/2016/AR_LIST_2016.03.01_00:00:00.txt
FS-2016-018,2016-03-01.0,358.7,6.1,1,4,359,12,453,2016-03-09.7,8.7,0,127,0,http://jsoc.stanford.edu/data/farside/AR_Lists/2016/AR_LIST_2016.03.01_00:00:00.txt
FS-2016-017,2016-03-01.5,89.4,13.6,80,9,103,21,787,2016-03-02.5,1.5,127,140,25,http://jsoc.stanford.edu/data/farside/AR_Lists/2016/AR_LIST_2016.03.01_12:00:00.txt
FS-2016-018,2016-03-01.5,359.0,5.7,358,3,360,10,452,2016-03-09.2,8.2,0,109,0,http://jsoc.stanford.edu/data/farside/AR_Lists/2016/AR_LIST_2016.03.01_12:00:00.txt
FS-2016-017,2016-03-02.0,89.2,13.8,80,10,98,19,497,2016-03-03.0,1.0,127,140,25,http://jsoc.stanford.edu/data/farside/AR_Lists/2016/AR_LIST_2016.03.02_00:00:00.txt
FS-2016-018,2016-03-02.0,358.4,5.6,1,3,359,12,469,2016-03-09.7,7.7,0,127,0,http://jsoc.stanford.edu/data/farside/AR_Lists/2016/AR_LIST_2016.03.02_00:00:00.txt
FS-2016-017,2016-03-02.5,88.2,13.8,80,10,96,19,430,2016-03-02.6,0.6,127,140,25,http://jsoc.stanford.edu/data/farside/AR_Lists/2016/AR_LIST_2016.03.02_12:00:00.txt
FS-2016-018,2016-03-02.5,359.0,5.3,358,2,360,10,530,2016-03-09.2,7.2,0,109,0,http://jsoc.stanford.edu/data/farside/AR_Lists/2016/AR_LIST_2016.03.02_12:00:00.txt
FS-2016-017,2016-03-03.0,86.0,15.1,80,13,89,19,131,2016-03-03.3,0.3,127,140,25,http://jsoc.stanford.edu/data/farside/AR_Lists/2016/AR_LIST_2016.03.03_00:00:00.txt
FS-2016-018,2016-03-03.0,358.6,5.3,1,2,359,10,491,2016-03-09.7,6.7,0,127,0,http://jsoc.stanford.edu/data/farside/AR_Lists/2016/AR_LIST_2016.03.03_00:00:00.txt
FS-2016-017,2016-03-03.5,82.1,16.9,1,-82,359,89,24,2016-03-03.1,0.1,102,0,0,http://jsoc.stanford.edu/data/farside/AR_Lists/2016/AR_LIST_2016.03.03_12:00:00.txt
FS-2016-018,2016-03-03.5,358.0,4.7,1,1,359,10,601,2016-03-09.2,6.2,0,127,0,http://jsoc.stanford.edu/data/farside/AR_Lists/2016/AR_LIST_2016.03.03_12:00:00.txt
FS-2016-018,2016-03-04.0,357.2,5.3,1,1,359,12,597,2016-03-09.8,5.8,0,127,0,http://jsoc.stanford.edu/data/farside/AR_Lists/2016/AR_LIST_2016.03.04_00:00:00.txt
FS-2016-018,2016-03-04.5,356.8,3.8,351,-5,359,12,930,2016-03-09.3,5.3,0,127,0,http://jsoc.stanford.edu/data/farside/AR_Lists/2016/AR_LIST_2016.03.04_12:00:00.txt
FS-2016-018,2016-03-05.0,356.6,3.8,350,-6,359,12,819,2016-03-09.9,4.9,0,127,0,http://jsoc.stanford.edu/data/farside/AR_Lists/2016/AR_LIST_2016.03.05_00:00:00.txt
FS-2016-018,2016-03-05.5,356.3,2.7,350,-6,359,12,868,2016-03-09.4,4.4,0,127,0,http://jsoc.stanford.edu/data/farside/AR_Lists/2016/AR_LIST_2016.03.05_12:00:00.txt
FS-2016-018,2016-03-06.0,356.1,2.9,350,-6,359,12,645,2016-03-09.9,3.9,0,127,0,http://jsoc.stanford.edu/data/farside/AR_Lists/2016/AR_LIST_2016.03.06_00:00:00.txt
FS-2016-018,2016-03-06.5,356.5,2.7,350,-6,359,10,619,2016-03-09.4,3.4,0,127,0,http://jsoc.stanford.edu/data/farside/AR_Lists/2016/AR_LIST_2016.03.06_12:00:00.txt
FS-2016-018,2016-03-07.0,356.7,4.5,351,-5,359,12,459,2016-03-09.9,2.9,0,127,0,http://jsoc.stanford.edu/data/farside/AR_Lists/2016/AR_LIST_2016.03.07_00:00:00.txt
FS-2016-018,2016-03-07.5,356.9,4.3,351,-4,359,12,382,2016-03-09.4,2.4,0,127,0,http://jsoc.stanford.edu/data/farside/AR_Lists/2016/AR_LIST_2016.03.07_12:00:00.txt
FS-2016-018,2016-03-08.0,357.9,7.0,354,5,359,12,292,2016-03-09.9,1.9,0,127,0,http://jsoc.stanford.edu/data/farside/AR_Lists/2016/AR_LIST_2016.03.08_00:00:00.txt
FS-2016-018,2016-03-08.5,1.6,5.9,0,4,2,6,478,2016-03-09.1,1.1,15,103,0,http://jsoc.stanford.edu/data/farside/AR_Lists/2016/AR_LIST_2016.03.08_12:00:00.txt
FS-2016-018,2016-03-09.0,1.3,6.4,0,5,2,10,372,2016-03-09.6,0.6,0,123,0,http://jsoc.stanford.edu/data/farside/AR_Lists/2016/AR_LIST_2016.03.09_00:00:00.txt
FS-2016-018,2016-03-09.5,360.0,6.5,358,5,360,10,178,2016-03-09.2,0.2,0,109,0,http://jsoc.stanford.edu/data/farside/AR_Lists/2016/AR_LIST_2016.03.09_12:00:00.txt
FS-2016-019,2016-03-17.0,171.9,0.3,168,-1,179,1,624,2016-03-23.8,6.8,156,0,142,http://jsoc.stanford.edu/data/farside/AR_Lists/2016/AR_LIST_2016.03.17_00:00:00.txt
FS-2016-019,2016-03-17.5,171.9,-0.4,166,-1,179,1,822,2016-03-23.3,6.3,156,0,142,http://jsoc.stanford.edu/data/farside/AR_Lists/2016/AR_LIST_2016.03.17_12:00:00.txt
FS-2016-019,2016-03-18.0,172.2,0.5,159,-1,179,1,1211,2016-03-23.8,5.8,156,0,142,http://jsoc.stanford.edu/data/farside/AR_Lists/2016/AR_LIST_2016.03.18_00:00:00.txt
FS-2016-019,2016-03-18.5,171.9,0.9,159,-1,179,1,1537,2016-03-23.3,5.3,156,0,142,http://jsoc.stanford.edu/data/farside/AR_Lists/2016/AR_LIST_2016.03.18_12:00:00.txt
FS-2016-019,2016-03-19.0,171.6,0.1,159,-1,179,1,1688,2016-03-23.9,4.9,156,0,142,http://jsoc.stanford.edu/data/farside/AR_Lists/2016/AR_LIST_2016.03.19_00:00:00.txt
FS-2016-019,2016-03-19.5,170.6,0.1,157,-1,179,1,1652,2016-03-23.5,4.5,156,0,142,http://jsoc.stanford.edu/data/farside/AR_Lists/2016/AR_LIST_2016.03.19_12:00:00.txt
FS-2016-019,2016-03-20.0,170.3,0.6,157,-1,179,1,1750,2016-03-24.0,4.0,156,0,142,http://jsoc.stanford.edu/data/farside/AR_Lists/2016/AR_LIST_2016.03.20_00:00:00.txt
FS-2016-019,2016-03-20.5,169.8,0.5,157,-1,179,1,1884,2016-03-23.5,3.5,156,0,142,http://jsoc.stanford.edu/data/farside/AR_Lists/2016/AR_LIST_2016.03.20_12:00:00.txt
FS-2016-019,2016-03-21.0,168.2,0.7,157,-1,179,1,1891,2016-03-24.2,3.2,156,0,142,http://jsoc.stanford.edu/data/farside/AR_Lists/2016/AR_LIST_2016.03.21_00:00:00.txt
FS-2016-019,2016-03-21.5,168.2,0.2,157,-1,179,1,1651,2016-03-23.7,2.7,156,0,142,http://jsoc.stanford.edu/data/farside/AR_Lists/2016/AR_LIST_2016.03.21_12:00:00.txt
FS-2016-019,2016-03-22.0,167.4,0.3,157,-1,179,1,1344,2016-03-24.2,2.2,156,0,142,http://jsoc.stanford.edu/data/farside/AR_Lists/2016/AR_LIST_2016.03.22_00:00:00.txt
FS-2016-019,2016-03-22.5,169.0,-1.5,159,-2,178,0,1007,2016-03-23.6,1.6,251,0,189,http://jsoc.stanford.edu/data/farside/AR_Lists/2016/AR_LIST_2016.03.22_12:00:00.txt
FS-2016-020,2016-03-22.5,87.4,18.1,82,14,94,26,472,2016-03-30.0,8.0,191,63,127,http://jsoc.stanford.edu/data/farside/AR_Lists/2016/AR_LIST_2016.03.22_12:00:00.txt
FS-2016-019,2016-03-23.0,168.6,-1.5,159,-2,176,0,861,2016-03-24.2,1.2,251,0,189,http://jsoc.stanford.edu/data/farside/AR_Lists/2016/AR_LIST_2016.03.23_00:00:00.txt
FS-2016-020,2016-03-23.0,87.2,18.1,82,14,94,26,475,2016-03-30.6,7.6,191,63,127,http://jsoc.stanford.edu/data/farside/AR_Lists/2016/AR_LIST_2016.03.23_00:00:00.txt
FS-2016-019,2016-03-23.5,168.8,-2.8,159,-11,178,6,807,2016-03-23.6,0.6,255,0,191,http://jsoc.stanford.edu/data/farside/AR_Lists/2016/AR_LIST_2016.03.23_12:00:00.txt
FS-2016-020,2016-03-23.5,85.6,17.4,76,13,94,26,757,2016-03-30.2,7.2,191,63,127,http://jsoc.stanford.edu/data/farside/AR_Lists/2016/AR_LIST_2016.03.23_12:00:00.txt
FS-2016-019,2016-03-24.0,165.5,-0.4,164,-1,166,1,486,2016-03-24.4,0.4,155,0,141,http://jsoc.stanford.edu/data/farside/AR_Lists/2016/AR_LIST_2016.03.24_00:00:00.txt
FS-2016-020,2016-03-24.0,86.0,17.6,76,13,94,26,575,2016-03-30.6,6.6,191,63,127,http://jsoc.stanford.edu/data/farside/AR_Lists/2016/AR_LIST_2016.03.24_00:00:00.txt
FS-2016-019,2016-03-24.5,161.5,1.8,159,0,162,2,147,2016-03-24.2,0.2,236,0,181,http://jsoc.stanford.edu/data/farside/AR_Lists/2016/AR_LIST_2016.03.24_12:00:00.txt
FS-2016-020,2016-03-24.5,85.5,17.1,75,13,94,24,690,2016-03-30.2,6.2,191,63,127,http://jsoc.stanford.edu/data/farside/AR_Lists/2016/AR_LIST_2016.03.24_12:00:00.txt
FS-2016-019,2016-03-25.0,158.0,2.5,157,1,159,3,6,2016-03-25.0,0.0,114,23,19,http://jsoc.stanford.edu/data/farside/AR_Lists/2016/AR_LIST_2016.03.25_00:00:00.txt
FS-2016-020,2016-03-25.0,85.9,17.0,75,13,94,24,389,2016-03-30.6,5.6,191,63,127,http://jsoc.stanford.edu/data/farside/AR_Lists/2016/AR_LIST_2016.03.25_00:00:00.txt
FS-2016-020,2016-03-25.5,85.1,16.9,84,14,95,17,575,2016-03-30.2,5.2,175,52,105,http://jsoc.stanford.edu/data/farside/AR_Lists/2016/AR_LIST_2016.03.25_12:00:00.txt
FS-2016-020,2016-03-26.0,83.7,17.5,78,14,90,23,234,2016-03-30.8,4.8,191,63,127,http://jsoc.stanford.edu/data/farside/AR_Lists/2016/AR_LIST_2016.03.26_00:00:00.txt
FS-2016-020,2016-03-26.5,83.7,17.3,78,14,90,23,324,2016-03-30.3,4.3,191,63,127,http://jsoc.stanford.edu/data/farside/AR_Lists/2016/AR_LIST_2016.03.26_12:00:00.txt
FS-2016-020,2016-03-27.0,81.2,17.5,78,16,85,22,94,2016-03-31.0,4.0,191,63,127,http://jsoc.stanford.edu/data/farside/AR_Lists/2016/AR_LIST_2016.03.27_00:00:00.txt
FS-2016-020,2016-03-27.5,81.4,17.7,78,16,85,22,144,2016-03-30.5,3.5,191,63,127,http://jsoc.stanford.edu/data/farside/AR_Lists/2016/AR_LIST_2016.03.27_12:00:00.txt
FS-2016-020,2016-03-28.0,80.6,17.4,78,16,83,21,52,2016-03-31.0,3.0,191,63,127,http://jsoc.stanford.edu/data/farside/AR_Lists/2016/AR_LIST_2016.03.28_00:00:00.txt
FS-2016-020,2016-03-28.5,80.5,17.4,78,16,83,21,45,2016-03-30.5,2.5,191,63,127,http://jsoc.stanford.edu/data/farside/AR_Lists/2016/AR_LIST_2016.03.28_12:00:00.txt
FS-2016-021,2016-03-29.5,14.5,4.7,7,1,19,10,431,2016-04-04.3,6.3,191,191,191,http://jsoc.stanford.edu/data/farside/AR_Lists/2016/AR_LIST_2016.03.29_12:00:00.txt
FS-2016-021,2016-03-30.0,15.4,4.3,7,1,22,12,585,2016-04-04.7,5.7,191,191,191,http://jsoc.stanford.edu/data/farside/AR_Lists/2016/AR_LIST_2016.03.30_00:00:00.txt
FS-2016-021,2016-03-30.5,15.5,4.7,7,1,22,12,663,2016-04-04.2,5.2,191,191,191,http://jsoc.stanford.edu/data/farside/AR_Lists/2016/AR_LIST_2016.03.30_12:00:00.txt
FS-2016-021,2016-03-31.0,16.3,3.7,8,1,23,12,778,2016-04-04.7,4.7,191,191,191,http://jsoc.stanford.edu/data/farside/AR_Lists/2016/AR_LIST_2016.03.31_00:00:00.txt
FS-2016-021,2016-03-31.5,15.7,3.9,8,1,23,12,774,2016-04-04.2,4.2,191,191,191,http://jsoc.stanford.edu/data/farside/AR_Lists/2016/AR_LIST_2016.03.31_12:00:00.txt
FS-2016-021,2016-04-01.0,15.8,3.4,8,1,24,12,813,2016-04-04.7,3.7,191,191,191,http://jsoc.stanford.edu/data/farside/AR_Lists/2016/AR_LIST_2016.04.01_00:00:00.txt
FS-2016-022,2016-04-01.0,340.0,11.7,333,7,346,21,508,2016-04-07.5,6.5,0,51,127,http://jsoc.stanford.edu/data/farside/AR_Lists/2016/AR_LIST_2016.04.01_00:00:00.txt
FS-2016-021,2016-04-01.5,15.4,3.9,8,1,24,12,650,2016-04-04.3,3.3,191,191,191,http://jsoc.stanford.edu/data/farside/AR_Lists/2016/AR_LIST_2016.04.01_12:00:00.txt
FS-2016-022,2016-04-01.5,339.3,11.7,332,7,346,21,767,2016-04-07.1,6.1,0,51,127,http://jsoc.stanford.edu/data/farside/AR_Lists/2016/AR_LIST_2016.04.01_12:00:00.txt
FS-2016-021,2016-04-02.0,15.9,3.8,8,1,24,12,845,2016-04-04.7,2.7,191,191,191,http://jsoc.stanford.edu/data/farside/AR_Lists/2016/AR_LIST_2016.04.02_00:00:00.txt
FS-2016-022,2016-04-02.0,339.2,11.4,332,7,346,21,804,2016-04-07.6,5.6,0,51,127,http://jsoc.stanford.edu/data/farside/AR_Lists/2016/AR_LIST_2016.04.02_00:00:00.txt
FS-2016-021,2016-04-02.5,16.1,4.3,8,1,24,12,830,2016-04-04.3,2.3,191,191,191,http://jsoc.stanford.edu/data/farside/AR_Lists/2016/AR_LIST_2016.04.02_12:00:00.txt
FS-2016-022,2016-04-02.5,338.7,10.8,331,5,347,21,971,2016-04-07.1,5.1,0,51,127,http://jsoc.stanford.edu/data/farside/AR_Lists/2016/AR_LIST_2016.04.02_12:00:00.txt
FS-2016-021,2016-04-03.0,15.7,3.9,7,1,24,12,951,2016-04-04.8,1.8,191,191,191,http://jsoc.stanford.edu/data/farside/AR_Lists/2016/AR_LIST_2016.04.03_00:00:00.txt
FS-2016-022,2016-04-03.0,338.6,10.7,331,5,347,21,892,2016-04-07.6,4.6,0,51,127,http://jsoc.stanford.edu/data/farside/AR_Lists/2016/AR_LIST_2016.04.03_00:00:00.txt
FS-2016-021,2016-04-03.5,15.8,4.1,7,1,24,12,706,2016-04-04.3,1.3,191,191,191,http://jsoc.stanford.edu/data/farside/AR_Lists/2016/AR_LIST_2016.04.03_12:00:00.txt
FS-2016-022,2016-04-03.5,338.0,10.7,330,5,347,21,1158,2016-04-07.2,4.2,0,51,127,http://jsoc.stanford.edu/data/farside/AR_Lists/2016/AR_LIST_2016.04.03_12:00:00.txt
FS-2016-021,2016-04-04.0,15.7,3.4,7,1,23,10,733,2016-04-04.8,0.8,191,191,191,http://jsoc.stanford.edu/data/farside/AR_Lists/2016/AR_LIST_2016.04.04_00:00:00.txt
FS-2016-022,2016-04-04.0,337.7,10.7,330,5,346,21,952,2016-04-07.7,3.7,0,51,127,http://jsoc.stanford.edu/data/farside/AR_Lists/2016/AR_LIST_2016.04.04_00:00:00.txt
FS-2016-021,2016-04-04.5,14.6,3.5,8,1,19,10,451,2016-04-04.4,0.4,191,191,191,http://jsoc.stanford.edu/data/farside/AR_Lists/2016/AR_LIST_2016.04.04_12:00:00.txt
FS-2016-022,2016-04-04.5,337.8,10.7,330,4,346,21,1103,2016-04-07.2,3.2,0,51,127,http://jsoc.stanford.edu/data/farside/AR_Lists/2016/AR_LIST_2016.04.04_12:00:00.txt
FS-2016-021,2016-04-05.0,11.3,4.1,8,1,13,9,148,2016-04-05.1,0.1,191,191,191,http://jsoc.stanford.edu/data/farside/AR_Lists/2016/AR_LIST_2016.04.05_00:00:00.txt
FS-2016-022,2016-04-05.0,337.6,10.0,330,4,346,19,1010,2016-04-07.7,2.7,0,51,127,http://jsoc.stanford.edu/data/farside/AR_Lists/2016/AR_LIST_2016.04.05_00:00:00.txt
FS-2016-022,2016-04-05.5,337.4,9.6,330,1,346,19,1106,2016-04-07.2,2.2,0,51,127,http://jsoc.stanford.edu/data/farside/AR_Lists/2016/AR_LIST_2016.04.05_12:00:00.txt
FS-2016-022,2016-04-06.0,337.3,9.3,330,1,346,17,863,2016-04-07.7,1.7,0,51,127,http://jsoc.stanford.edu/data/farside/AR_Lists/2016/AR_LIST_2016.04.06_00:00:00.txt
FS-2016-022,2016-04-06.5,337.7,9.4,331,1,346,17,869,2016-04-07.2,1.2,0,51,127,http://jsoc.stanford.edu/data/farside/AR_Lists/2016/AR_LIST_2016.04.06_12:00:00.txt
FS-2016-022,2016-04-07.0,338.1,9.8,331,5,346,17,690,2016-04-07.7,0.7,0,51,127,http://jsoc.stanford.edu/data/farside/AR_Lists/2016/AR_LIST_2016.04.07_00:00:00.txt
FS-2016-022,2016-04-07.5,336.9,10.1,331,5,342,17,553,2016-04-07.3,0.3,0,51,127,http://jsoc.stanford.edu/data/farside/AR_Lists/2016/AR_LIST_2016.04.07_12:00:00.txt
FS-2016-022,2016-04-08.0,333.0,11.0,332,10,334,12,92,2016-04-08.1,0.1,5,48,120,http://jsoc.stanford.edu/data/farside/AR_Lists/2016/AR_LIST_2016.04.08_00:00:00.txt
FS-2016-023,2016-04-15.5,184.8,-0.9,175,-1,194,1,485,2016-04-18.7,3.7,99,0,156,http://jsoc.stanford.edu/data/farside/AR_Lists/2016/AR_LIST_2016.04.15_12:00:00.txt
FS-2016-023,2016-04-16.0,184.7,-1.0,175,-2,194,0,430,2016-04-19.2,3.2,4,0,251,http://jsoc.stanford.edu/data/farside/AR_Lists/2016/AR_LIST_2016.04.16_00:00:00.txt
FS-2016-023,2016-04-16.5,183.8,-1.0,175,-4,194,0,448,2016-04-18.8,2.8,4,0,251,http://jsoc.stanford.edu/data/farside/AR_Lists/2016/AR_LIST_2016.04.16_12:00:00.txt
FS-2016-023,2016-04-17.0,183.2,-1.3,175,-4,191,0,287,2016-04-19.3,2.3,4,0,251,http://jsoc.stanford.edu/data/farside/AR_Lists/2016/AR_LIST_2016.04.17_00:00:00.txt
FS-2016-023,2016-04-17.5,181.9,-1.3,180,-2,182,0,242,2016-04-18.9,1.9,8,0,247,http://jsoc.stanford.edu/data/farside/AR_Lists/2016/AR_LIST_2016.04.17_12:00:00.txt
FS-2016-024,2016-04-17.5,153.7,23.9,147,18,160,30,430,2016-04-21.4,4.4,0,127,255,http://jsoc.stanford.edu/data/farside/AR_Lists/2016/AR_LIST_2016.04.17_12:00:00.txt
FS-2016-023,2016-04-18.0,182.8,-0.8,181,-1,184,1,58,2016-04-19.4,1.4,99,0,156,http://jsoc.stanford.edu/data/farside/AR_Lists/2016/AR_LIST_2016.04.18_00:00:00.txt
FS-2016-024,2016-04-18.0,153.7,23.8,147,18,160,30,268,2016-04-21.9,3.9,0,127,255,http://jsoc.stanford.edu/data/farside/AR_Lists/2016/AR_LIST_2016.04.18_00:00:00.txt
FS-2016-023,2016-04-18.5,180.8,-1.2,179,-2,182,1,51,2016-04-19.0,1.0,101,0,153,http://jsoc.stanford.edu/data/farside/AR_Lists/2016/AR_LIST_2016.04.18_12:00:00.txt
FS-2016-024,2016-04-18.5,153.5,24.0,152,23,154,26,257,2016-04-21.4,3.4,91,14,27,http://jsoc.stanford.edu/data/farside/AR_Lists/2016/AR_LIST_2016.04.18_12:00:00.txt
FS-2016-025,2016-04-19.0,119.5,4.7,118,3,120,5,446,2016-04-24.1,5.1,14,225,235,http://jsoc.stanford.edu/data/farside/AR_Lists/2016/AR_LIST_2016.04.19_00:00:00.txt
FS-2016-025,2016-04-19.5,118.6,5.0,111,1,126,12,569,2016-04-23.7,4.7,0,255,255,http://jsoc.stanford.edu/data/farside/AR_Lists/2016/AR_LIST_2016.04.19_12:00:00.txt
FS-2016-025,2016-04-20.0,118.5,5.1,111,1,126,12,533,2016-04-24.2,4.2,0,255,255,http://jsoc.stanford.edu/data/farside/AR_Lists/2016/AR_LIST_2016.04.20_00:00:00.txt
FS-2016-025,2016-04-20.5,117.4,7.0,111,1,126,19,605,2016-04-23.8,3.8,0,255,255,http://jsoc.stanford.edu/data/farside/AR_Lists/2016/AR_LIST_2016.04.20_12:00:00.txt
FS-2016-025,2016-04-21.0,118.1,6.6,111,1,126,19,491,2016-04-24.3,3.3,0,255,255,http://jsoc.stanford.edu/data/farside/AR_Lists/2016/AR_LIST_2016.04.21_00:00:00.txt
FS-2016-025,2016-04-21.5,118.2,6.7,111,1,124,19,567,2016-04-23.8,2.8,0,255,255,http://jsoc.stanford.edu/data/farside/AR_Lists/2016/AR_LIST_2016.04.21_12:00:00.txt
FS-2016-025,2016-04-22.0,120.5,5.0,119,4,121,12,373,2016-04-24.1,2.1,122,11,134,http://jsoc.stanford.edu/data/farside/AR_Lists/2016/AR_LIST_2016.04.22_00:00:00.txt
FS-2016-025,2016-04-22.5,120.1,5.4,119,4,121,12,328,2016-04-23.7,1.7,122,11,134,http://jsoc.stanford.edu/data/farside/AR_Lists/2016/AR_LIST_2016.04.22_12:00:00.txt
FS-2016-025,2016-04-23.0,121.9,4.2,120,3,122,10,165,2016-04-24.0,1.0,12,230,242,http://jsoc.stanford.edu/data/farside/AR_Lists/2016/AR_LIST_2016.04.23_00:00:00.txt
FS-2016-025,2016-04-23.5,121.1,5.9,120,4,122,6,96,2016-04-23.6,0.6,13,229,241,http://jsoc.stanford.edu/data/farside/AR_Lists/2016/AR_LIST_2016.04.23_12:00:00.txt
FS-2016-025,2016-04-24.0,121.5,4.0,120,3,122,5,15,2016-04-24.1,0.1,19,212,224,http://jsoc.stanford.edu/data/farside/AR_Lists/2016/AR_LIST_2016.04.24_00:00:00.txt
FS-2016-026,2016-04-24.5,40.8,4.1,37,1,45,10,412,2016-04-29.6,5.6,0,191,0,http://jsoc.stanford.edu/data/farside/AR_Lists/2016/AR_LIST_2016.04.24_12:00:00.txt
FS-2016-026,2016-04-25.0,40.4,3.7,35,1,45,10,417,2016-04-30.1,5.1,0,191,0,http://jsoc.stanford.edu/data/farside/AR_Lists/2016/AR_LIST_2016.04.25_00:00:00.txt
FS-2016-026,2016-04-25.5,40.6,3.9,35,1,45,10,344,2016-04-29.6,4.6,0,191,0,http://jsoc.stanford.edu/data/farside/AR_Lists/2016/AR_LIST_2016.04.25_12:00:00.txt
FS-2016-026,2016-04-26.0,40.2,3.8,35,1,44,10,320,2016-04-30.1,4.1,0,191,0,http://jsoc.stanford.edu/data/farside/AR_Lists/2016/AR_LIST_2016.04.26_00:00:00.txt
FS-2016-027,2016-04-26.0,346.0,12.8,340,9,354,19,476,2016-05-04.3,8.3,255,127,51,http://jsoc.stanford.edu/data/farside/AR_Lists/2016/AR_LIST_2016.04.26_00:00:00.txt
FS-2016-026,2016-04-26.5,37.8,3.4,28,1,45,10,473,2016-04-29.8,3.8,0,191,0,http://jsoc.stanford.edu/data/farside/AR_Lists/2016/AR_LIST_2016.04.26_12:00:00.txt
FS-2016-027,2016-04-26.5,346.8,12.8,338,7,355,19,641,2016-05-03.8,7.8,255,127,51,http://jsoc.stanford.edu/data/farside/AR_Lists/2016/AR_LIST_2016.04.26_12:00:00.txt
FS-2016-026,2016-04-27.0,37.2,2.9,35,1,42,3,324,2016-04-30.4,3.4,12,168,0,http://jsoc.stanford.edu/data/farside/AR_Lists/2016/AR_LIST_2016.04.27_00:00:00.txt
FS-2016-027,2016-04-27.0,346.1,13.2,333,5,356,24,1147,2016-05-04.3,7.3,255,127,51,http://jsoc.stanford.edu/data/farside/AR_Lists/2016/AR_LIST_2016.04.27_00:00:00.txt
FS-2016-026,2016-04-27.5,37.4,3.2,28,1,45,10,281,2016-04-29.9,2.9,0,191,0,http://jsoc.stanford.edu/data/farside/AR_Lists/2016/AR_LIST_2016.04.27_12:00:00.txt
FS-2016-027,2016-04-27.5,347.1,13.0,333,5,357,24,1263,2016-05-03.7,6.7,255,127,51,http://jsoc.stanford.edu/data/farside/AR_Lists/2016/AR_LIST_2016.04.27_12:00:00.txt
FS-2016-026,2016-04-28.0,29.8,-1.6,28,-2,31,0,20,2016-04-30.9,2.9,4,184,4,http://jsoc.stanford.edu/data/farside/AR_Lists/2016/AR_LIST_2016.04.28_00:00:00.txt
FS-2016-027,2016-04-28.0,346.9,13.0,332,5,357,24,1373,2016-05-04.3,6.3,255,127,51,http://jsoc.stanford.edu/data/farside/AR_Lists/2016/AR_LIST_2016.04.28_00:00:00.txt
FS-2016-026,2016-04-28.5,29.5,-2.0,1,-85,359,89,6,2016-04-30.4,2.4,102,0,0,http://jsoc.stanford.edu/data/farside/AR_Lists/2016/AR_LIST_2016.04.28_12:00:00.txt
FS-2016-027,2016-04-28.5,347.1,12.2,332,2,357,24,1350,2016-05-03.7,5.7,255,127,51,http://jsoc.stanford.edu/data/farside/AR_Lists/2016/AR_LIST_2016.04.28_12:00:00.txt
FS-2016-026,2016-04-29.0,29.5,-2.0,1,-85,359,89,5,2016-05-01.0,2.0,102,0,0,http://jsoc.stanford.edu/data/farside/AR_Lists/2016/AR_LIST_2016.04.29_00:00:00.txt
FS-2016-027,2016-04-29.0,347.0,11.4,331,1,357,24,1437,2016-05-04.2,5.2,255,127,51,http://jsoc.stanford.edu/data/farside/AR_Lists/2016/AR_LIST_2016.04.29_00:00:00.txt
FS-2016-027,2016-04-29.5,344.8,12.4,329,1,356,26,1716,2016-05-03.9,4.9,255,127,51,http://jsoc.stanford.edu/data/farside/AR_Lists/2016/AR_LIST_2016.04.29_12:00:00.txt
FS-2016-027,2016-04-30.0,345.0,12.5,329,1,357,26,1524,2016-05-04.4,4.4,255,127,51,http://jsoc.stanford.edu/data/farside/AR_Lists/2016/AR_LIST_2016.04.30_00:00:00.txt
FS-2016-027,2016-04-30.5,343.0,13.9,326,1,357,26,1711,2016-05-04.1,4.1,255,127,51,http://jsoc.stanford.edu/data/farside/AR_Lists/2016/AR_LIST_2016.04.30_12:00:00.txt
FS-2016-027,2016-05-01.0,343.1,14.7,326,4,357,26,1286,2016-05-04.6,3.6,255,127,51,http://jsoc.stanford.edu/data/farside/AR_Lists/2016/AR_LIST_2016.05.01_00:00:00.txt
FS-2016-027,2016-05-01.5,342.7,15.0,326,4,357,26,1246,2016-05-04.1,3.1,255,127,51,http://jsoc.stanford.edu/data/farside/AR_Lists/2016/AR_LIST_2016.05.01_12:00:00.txt
FS-2016-027,2016-05-02.0,344.6,13.8,1,-85,359,89,903,2016-05-04.5,2.5,102,0,0,http://jsoc.stanford.edu/data/farside/AR_Lists/2016/AR_LIST_2016.05.02_00:00:00.txt
FS-2016-027,2016-05-02.5,344.1,14.4,1,-85,359,89,840,2016-05-04.0,2.0,102,0,0,http://jsoc.stanford.edu/data/farside/AR_Lists/2016/AR_LIST_2016.05.02_12:00:00.txt
FS-2016-027,2016-05-03.0,346.2,13.0,345,12,347,14,632,2016-05-04.3,1.3,183,68,27,http://jsoc.stanford.edu/data/farside/AR_Lists/2016/AR_LIST_2016.05.03_00:00:00.txt
FS-2016-027,2016-05-03.5,347.7,13.3,346,12,356,16,474,2016-05-03.7,0.7,253,125,50,http://jsoc.stanford.edu/data/farside/AR_Lists/2016/AR_LIST_2016.05.03_12:00:00.txt
FS-2016-027,2016-05-04.0,346.3,13.3,1,-85,359,89,104,2016-05-04.3,0.3,102,0,0,http://jsoc.stanford.edu/data/farside/AR_Lists/2016/AR_LIST_2016.05.04_00:00:00.txt
FS-2016-027,2016-05-04.5,335.5,22.0,1,-85,359,89,3,2016-05-04.7,0.7,102,0,0,http://jsoc.stanford.edu/data/farside/AR_Lists/2016/AR_LIST_2016.05.04_12:00:00.txt
FS-2016-028,2016-05-04.5,242.2,4.6,237,1,248,10,415,2016-05-11.5,7.5,255,0,255,http://jsoc.stanford.edu/data/farside/AR_Lists/2016/AR_LIST_2016.05.04_12:00:00.txt
FS-2016-028,2016-05-05.0,242.1,6.2,237,1,248,15,652,2016-05-12.1,7.1,255,0,255,http://jsoc.stanford.edu/data/farside/AR_Lists/2016/AR_LIST_2016.05.05_00:00:00.txt
FS-2016-028,2016-05-05.5,241.5,5.8,240,1,242,14,715,2016-05-11.6,6.6,234,0,234,http://jsoc.stanford.edu/data/farside/AR_Lists/2016/AR_LIST_2016.05.05_12:00:00.txt
FS-2016-029,2016-05-05.5,216.4,-7.0,209,-11,223,-1,559,2016-05-13.4,8.4,255,0,127,http://jsoc.stanford.edu/data/farside/AR_Lists/2016/AR_LIST_2016.05.05_12:00:00.txt
FS-2016-028,2016-05-06.0,241.4,7.6,240,1,242,17,811,2016-05-12.2,6.2,234,0,234,http://jsoc.stanford.edu/data/farside/AR_Lists/2016/AR_LIST_2016.05.06_00:00:00.txt
FS-2016-029,2016-05-06.0,215.6,-6.8,208,-11,223,-1,600,2016-05-14.0,8.0,255,0,127,http://jsoc.stanford.edu/data/farside/AR_Lists/2016/AR_LIST_2016.05.06_00:00:00.txt
FS-2016-028,2016-05-06.5,240.4,7.1,239,1,241,13,849,2016-05-11.7,5.7,167,0,167,http://jsoc.stanford.edu/data/farside/AR_Lists/2016/AR_LIST_2016.05.06_12:00:00.txt
FS-2016-029,2016-05-06.5,215.7,-6.9,207,-11,223,-1,682,2016-05-13.5,7.5,255,0,127,http://jsoc.stanford.edu/data/farside/AR_Lists/2016/AR_LIST_2016.05.06_12:00:00.txt
FS-2016-028,2016-05-07.0,240.8,8.5,239,2,241,18,827,2016-05-12.2,5.2,167,0,167,http://jsoc.stanford.edu/data/farside/AR_Lists/2016/AR_LIST_2016.05.07_00:00:00.txt
FS-2016-029,2016-05-07.0,214.7,-6.8,206,-11,223,-1,751,2016-05-14.1,7.1,255,0,127,http://jsoc.stanford.edu/data/farside/AR_Lists/2016/AR_LIST_2016.05.07_00:00:00.txt
FS-2016-028,2016-05-07.5,240.4,7.8,239,2,241,18,811,2016-05-11.8,4.8,167,0,167,http://jsoc.stanford.edu/data/farside/AR_Lists/2016/AR_LIST_2016.05.07_12:00:00.txt
FS-2016-029,2016-05-07.5,215.1,-6.9,206,-13,223,-1,912,2016-05-13.6,6.6,255,0,127,http://jsoc.stanford.edu/data/farside/AR_Lists/2016/AR_LIST_2016.05.07_12:00:00.txt
FS-2016-028,2016-05-08.0,240.9,8.2,239,6,241,18,693,2016-05-12.2,4.2,167,0,167,http://jsoc.stanford.edu/data/farside/AR_Lists/2016/AR_LIST_2016.05.08_00:00:00.txt
FS-2016-029,2016-05-08.0,214.8,-6.7,206,-13,225,-1,1230,2016-05-14.1,6.1,255,0,127,http://jsoc.stanford.edu/data/farside/AR_Lists/2016/AR_LIST_2016.05.08_00:00:00.txt
FS-2016-028,2016-05-08.5,240.8,7.5,239,6,241,13,559,2016-05-11.7,3.7,167,0,167,http://jsoc.stanford.edu/data/farside/AR_Lists/2016/AR_LIST_2016.05.08_12:00:00.txt
FS-2016-029,2016-05-08.5,215.1,-6.8,206,-13,225,-1,1226,2016-05-13.6,5.6,255,0,127,http://jsoc.stanford.edu/data/farside/AR_Lists/2016/AR_LIST_2016.05.08_12:00:00.txt
FS-2016-028,2016-05-09.0,241.3,8.2,240,4,242,19,393,2016-05-12.2,3.2,234,0,234,http://jsoc.stanford.edu/data/farside/AR_Lists/2016/AR_LIST_2016.05.09_00:00:00.txt
FS-2016-029,2016-05-09.0,214.8,-6.5,206,-13,225,-1,1286,2016-05-14.1,5.1,255,0,127,http://jsoc.stanford.edu/data/farside/AR_Lists/2016/AR_LIST_2016.05.09_00:00:00.txt
FS-2016-028,2016-05-09.5,241.5,7.0,240,6,242,8,193,2016-05-11.7,2.7,212,0,196,http://jsoc.stanford.edu/data/farside/AR_Lists/2016/AR_LIST_2016.05.09_12:00:00.txt
FS-2016-029,2016-05-09.5,214.8,-6.4,207,-13,224,-1,989,2016-05-13.6,4.6,255,0,127,http://jsoc.stanford.edu/data/farside/AR_Lists/2016/AR_LIST_2016.05.09_12:00:00.txt
FS-2016-028,2016-05-10.0,242.9,6.4,241,5,249,10,51,2016-05-12.1,2.1,106,0,7,http://jsoc.stanford.edu/data/farside/AR_Lists/2016/AR_LIST_2016.05.10_00:00:00.txt
FS-2016-029,2016-05-10.0,214.5,-6.0,206,-13,223,-1,1085,2016-05-14.2,4.2,255,0,127,http://jsoc.stanford.edu/data/farside/AR_Lists/2016/AR_LIST_2016.05.10_00:00:00.txt
FS-2016-028,2016-05-10.5,246.3,5.6,39,-86,309,89,22,2016-05-11.3,1.3,102,0,0,http://jsoc.stanford.edu/data/farside/AR_Lists/2016/AR_LIST_2016.05.10_12:00:00.txt
FS-2016-029,2016-05-10.5,214.5,-5.9,206,-11,223,-1,726,2016-05-13.7,3.7,255,0,127,http://jsoc.stanford.edu/data/farside/AR_Lists/2016/AR_LIST_2016.05.10_12:00:00.txt
FS-2016-029,2016-05-11.0,215.0,-5.7,206,-11,223,-1,846,2016-05-14.1,3.1,255,0,127,http://jsoc.stanford.edu/data/farside/AR_Lists/2016/AR_LIST_2016.05.11_00:00:00.txt
FS-2016-029,2016-05-11.5,216.0,-6.0,208,-9,223,-1,563,2016-05-13.6,2.6,255,0,127,http://jsoc.stanford.edu/data/farside/AR_Lists/2016/AR_LIST_2016.05.11_12:00:00.txt
FS-2016-030,2016-05-11.5,168.5,16.0,163,11,176,23,646,2016-05-17.3,6.3,127,127,127,http://jsoc.stanford.edu/data/farside/AR_Lists/2016/AR_LIST_2016.05.11_12:00:00.txt
FS-2016-029,2016-05-12.0,215.9,-5.7,208,-11,223,-1,706,2016-05-14.1,2.1,255,0,127,http://jsoc.stanford.edu/data/farside/AR_Lists/2016/AR_LIST_2016.05.12_00:00:00.txt
FS-2016-030,2016-05-12.0,168.2,15.8,163,11,176,23,504,2016-05-17.8,5.8,127,127,127,http://jsoc.stanford.edu/data/farside/AR_Lists/2016/AR_LIST_2016.05.12_00:00:00.txt
FS-2016-029,2016-05-12.5,216.4,-5.7,210,-11,223,-1,508,2016-05-13.5,1.5,255,0,127,http://jsoc.stanford.edu/data/farside/AR_Lists/2016/AR_LIST_2016.05.12_12:00:00.txt
FS-2016-030,2016-05-12.5,167.9,15.7,161,11,176,23,673,2016-05-17.3,5.3,127,127,127,http://jsoc.stanford.edu/data/farside/AR_Lists/2016/AR_LIST_2016.05.12_12:00:00.txt
FS-2016-029,2016-05-13.0,216.3,-5.6,210,-11,223,-1,565,2016-05-14.1,1.1,255,0,127,http://jsoc.stanford.edu/data/farside/AR_Lists/2016/AR_LIST_2016.05.13_00:00:00.txt
FS-2016-030,2016-05-13.0,167.4,15.5,161,11,175,22,444,2016-05-17.9,4.9,127,127,127,http://jsoc.stanford.edu/data/farside/AR_Lists/2016/AR_LIST_2016.05.13_00:00:00.txt
FS-2016-029,2016-05-13.5,217.2,-5.4,211,-9,223,-1,346,2016-05-13.5,0.5,255,0,127,http://jsoc.stanford.edu/data/farside/AR_Lists/2016/AR_LIST_2016.05.13_12:00:00.txt
FS-2016-030,2016-05-13.5,167.9,15.5,161,11,175,22,587,2016-05-17.3,4.3,127,127,127,http://jsoc.stanford.edu/data/farside/AR_Lists/2016/AR_LIST_2016.05.13_12:00:00.txt
FS-2016-029,2016-05-14.0,214.8,-4.7,211,-9,218,-1,209,2016-05-14.2,0.2,255,0,127,http://jsoc.stanford.edu/data/farside/AR_Lists/2016/AR_LIST_2016.05.14_00:00:00.txt
FS-2016-030,2016-05-14.0,168.2,15.6,163,12,175,22,447,2016-05-17.8,3.8,127,127,127,http://jsoc.stanford.edu/data/farside/AR_Lists/2016/AR_LIST_2016.05.14_00:00:00.txt
FS-2016-030,2016-05-14.5,168.9,15.7,163,12,176,22,467,2016-05-17.2,3.2,127,127,127,http://jsoc.stanford.edu/data/farside/AR_Lists/2016/AR_LIST_2016.05.14_12:00:00.txt
FS-2016-030,2016-05-15.0,169.0,15.5,163,12,176,21,360,2016-05-17.7,2.7,127,127,127,http://jsoc.stanford.edu/data/farside/AR_Lists/2016/AR_LIST_2016.05.15_00:00:00.txt
FS-2016-030,2016-05-15.5,169.4,15.4,163,12,176,21,399,2016-05-17.2,2.2,127,127,127,http://jsoc.stanford.edu/data/farside/AR_Lists/2016/AR_LIST_2016.05.15_12:00:00.txt
FS-2016-030,2016-05-16.0,169.1,15.1,163,12,176,19,217,2016-05-17.7,1.7,127,127,127,http://jsoc.stanford.edu/data/farside/AR_Lists/2016/AR_LIST_2016.05.16_00:00:00.txt
FS-2016-030,2016-05-16.5,169.8,15.3,163,12,176,19,239,2016-05-17.2,1.2,127,127,127,http://jsoc.stanford.edu/data/farside/AR_Lists/2016/AR_LIST_2016.05.16_12:00:00.txt
FS-2016-031,2016-06-01.5,221.6,-5.8,213,-9,229,-1,437,2016-06-09.3,8.3,255,255,255,http://jsoc.stanford.edu/data/farside/AR_Lists/2016/AR_LIST_2016.06.01_12:00:00.txt
FS-2016-031,2016-06-02.0,221.5,-5.6,213,-9,229,-1,455,2016-06-09.8,7.8,255,255,255,http://jsoc.stanford.edu/data/farside/AR_Lists/2016/AR_LIST_2016.06.02_00:00:00.txt
FS-2016-032,2016-06-02.5,251.1,-7.9,245,-13,259,-3,579,2016-06-07.1,5.1,0,38,255,http://jsoc.stanford.edu/data/farside/AR_Lists/2016/AR_LIST_2016.06.02_12:00:00.txt
FS-2016-031,2016-06-02.5,221.5,-5.7,213,-9,229,-1,529,2016-06-09.3,7.3,255,255,255,http://jsoc.stanford.edu/data/farside/AR_Lists/2016/AR_LIST_2016.06.02_12:00:00.txt
FS-2016-032,2016-06-03.0,250.3,-8.0,243,-13,259,-1,563,2016-06-07.7,4.7,0,38,255,http://jsoc.stanford.edu/data/farside/AR_Lists/2016/AR_LIST_2016.06.03_00:00:00.txt
FS-2016-031,2016-06-03.0,218.0,-1.5,215,-2,225,0,1099,2016-06-10.1,7.1,251,247,251,http://jsoc.stanford.edu/data/farside/AR_Lists/2016/AR_LIST_2016.06.03_00:00:00.txt
FS-2016-032,2016-06-03.5,250.4,-8.0,243,-13,259,-1,534,2016-06-07.2,4.2,0,38,255,http://jsoc.stanford.edu/data/farside/AR_Lists/2016/AR_LIST_2016.06.03_12:00:00.txt
FS-2016-031,2016-06-03.5,217.9,-1.4,207,-2,230,0,1536,2016-06-09.6,6.6,251,247,251,http://jsoc.stanford.edu/data/farside/AR_Lists/2016/AR_LIST_2016.06.03_12:00:00.txt
FS-2016-032,2016-06-04.0,249.2,-8.8,243,-13,257,-3,369,2016-06-07.8,3.8,0,38,255,http://jsoc.stanford.edu/data/farside/AR_Lists/2016/AR_LIST_2016.06.04_00:00:00.txt
FS-2016-031,2016-06-04.0,217.8,-0.5,207,-1,230,1,1868,2016-06-10.1,6.1,156,57,156,http://jsoc.stanford.edu/data/farside/AR_Lists/2016/AR_LIST_2016.06.04_00:00:00.txt
FS-2016-032,2016-06-04.5,250.2,-8.4,244,-13,257,-3,301,2016-06-07.2,3.2,0,38,255,http://jsoc.stanford.edu/data/farside/AR_Lists/2016/AR_LIST_2016.06.04_12:00:00.txt
FS-2016-031,2016-06-04.5,217.5,-0.8,206,-1,230,1,1763,2016-06-09.6,5.6,156,57,156,http://jsoc.stanford.edu/data/farside/AR_Lists/2016/AR_LIST_2016.06.04_12:00:00.txt
FS-2016-032,2016-06-05.0,250.2,-8.2,105,-88,289,89,180,2016-06-07.7,2.7,102,0,0,http://jsoc.stanford.edu/data/farside/AR_Lists/2016/AR_LIST_2016.06.05_00:00:00.txt
FS-2016-031,2016-06-05.0,217.8,-1.2,206,-2,228,0,1723,2016-06-10.1,5.1,251,247,251,http://jsoc.stanford.edu/data/farside/AR_Lists/2016/AR_LIST_2016.06.05_00:00:00.txt
FS-2016-032,2016-06-05.5,254.8,-6.9,253,-9,257,-3,103,2016-06-06.9,1.9,0,38,255,http://jsoc.stanford.edu/data/farside/AR_Lists/2016/AR_LIST_2016.06.05_12:00:00.txt
FS-2016-031,2016-06-05.5,218.2,-1.6,206,-2,230,0,1819,2016-06-09.6,4.6,251,247,251,http://jsoc.stanford.edu/data/farside/AR_Lists/2016/AR_LIST_2016.06.05_12:00:00.txt
FS-2016-032,2016-06-06.0,254.8,-7.0,253,-9,257,-4,48,2016-06-07.4,1.4,0,38,255,http://jsoc.stanford.edu/data/farside/AR_Lists/2016/AR_LIST_2016.06.06_00:00:00.txt
FS-2016-031,2016-06-06.0,219.2,-1.9,213,-2,230,0,1427,2016-06-10.0,4.0,251,247,251,http://jsoc.stanford.edu/data/farside/AR_Lists/2016/AR_LIST_2016.06.06_00:00:00.txt
FS-2016-032,2016-06-06.5,254.8,-6.8,253,-9,257,-4,54,2016-06-06.9,0.9,0,38,255,http://jsoc.stanford.edu/data/farside/AR_Lists/2016/AR_LIST_2016.06.06_12:00:00.txt
FS-2016-031,2016-06-06.5,219.5,-2.3,210,-11,230,12,1363,2016-06-09.5,3.5,255,255,255,http://jsoc.stanford.edu/data/farside/AR_Lists/2016/AR_LIST_2016.06.06_12:00:00.txt
FS-2016-033,2016-06-06.5,171.6,21.2,165,16,178,28,489,2016-06-13.3,7.3,0,165,255,http://jsoc.stanford.edu/data/farside/AR_Lists/2016/AR_LIST_2016.06.06_12:00:00.txt
FS-2016-031,2016-06-07.0,220.1,-3.2,210,-11,230,10,1043,2016-06-10.0,3.0,255,255,255,http://jsoc.stanford.edu/data/farside/AR_Lists/2016/AR_LIST_2016.06.07_00:00:00.txt
FS-2016-033,2016-06-07.0,171.5,21.3,165,16,178,28,471,2016-06-13.8,6.8,0,165,255,http://jsoc.stanford.edu/data/farside/AR_Lists/2016/AR_LIST_2016.06.07_00:00:00.txt
FS-2016-031,2016-06-07.5,221.7,-4.2,213,-11,230,5,891,2016-06-09.4,2.4,255,255,255,http://jsoc.stanford.edu/data/farside/AR_Lists/2016/AR_LIST_2016.06.07_12:00:00.txt
FS-2016-033,2016-06-07.5,171.1,20.1,165,14,178,28,570,2016-06-13.3,6.3,0,165,255,http://jsoc.stanford.edu/data/farside/AR_Lists/2016/AR_LIST_2016.06.07_12:00:00.txt
FS-2016-031,2016-06-08.0,222.7,-5.1,215,-11,232,-1,700,2016-06-09.8,1.8,255,255,255,http://jsoc.stanford.edu/data/farside/AR_Lists/2016/AR_LIST_2016.06.08_00:00:00.txt
FS-2016-033,2016-06-08.0,170.6,18.8,164,11,178,28,641,2016-06-13.8,5.8,0,165,255,http://jsoc.stanford.edu/data/farside/AR_Lists/2016/AR_LIST_2016.06.08_00:00:00.txt
FS-2016-031,2016-06-08.5,223.9,-4.7,217,-9,232,-1,670,2016-06-09.2,1.2,255,255,255,http://jsoc.stanford.edu/data/farside/AR_Lists/2016/AR_LIST_2016.06.08_12:00:00.txt
FS-2016-033,2016-06-08.5,170.5,18.1,164,11,177,28,645,2016-06-13.3,5.3,0,165,255,http://jsoc.stanford.edu/data/farside/AR_Lists/2016/AR_LIST_2016.06.08_12:00:00.txt
FS-2016-031,2016-06-09.0,224.8,-4.9,218,-9,232,-1,557,2016-06-09.7,0.7,255,255,255,http://jsoc.stanford.edu/data/farside/AR_Lists/2016/AR_LIST_2016.06.09_00:00:00.txt
FS-2016-033,2016-06-09.0,170.4,18.5,164,11,176,28,575,2016-06-13.8,4.8,0,165,255,http://jsoc.stanford.edu/data/farside/AR_Lists/2016/AR_LIST_2016.06.09_00:00:00.txt
FS-2016-031,2016-06-09.5,223.6,-4.9,219,-9,228,-1,385,2016-06-09.3,0.3,255,255,255,http://jsoc.stanford.edu/data/farside/AR_Lists/2016/AR_LIST_2016.06.09_12:00:00.txt
FS-2016-033,2016-06-09.5,170.5,18.5,165,11,176,28,448,2016-06-13.3,4.3,0,165,255,http://jsoc.stanford.edu/data/farside/AR_Lists/2016/AR_LIST_2016.06.09_12:00:00.txt
FS-2016-031,2016-06-10.0,221.1,-5.7,220,-9,229,-1,87,2016-06-10.1,0.1,255,255,255,http://jsoc.stanford.edu/data/farside/AR_Lists/2016/AR_LIST_2016.06.10_00:00:00.txt
FS-2016-033,2016-06-10.0,170.6,19.7,166,14,176,28,315,2016-06-13.9,3.9,0,165,255,http://jsoc.stanford.edu/data/farside/AR_Lists/2016/AR_LIST_2016.06.10_00:00:00.txt
FS-2016-033,2016-06-10.5,171.7,15.3,21,-88,225,89,186,2016-06-13.2,3.2,102,0,0,http://jsoc.stanford.edu/data/farside/AR_Lists/2016/AR_LIST_2016.06.10_12:00:00.txt
FS-2016-033,2016-06-11.5,173.3,11.3,170,10,176,15,141,2016-06-13.0,2.0,0,165,255,http://jsoc.stanford.edu/data/farside/AR_Lists/2016/AR_LIST_2016.06.11_12:00:00.txt
FS-2016-033,2016-06-12.0,173.4,11.1,170,10,176,15,68,2016-06-13.5,1.5,0,165,255,http://jsoc.stanford.edu/data/farside/AR_Lists/2016/AR_LIST_2016.06.12_00:00:00.txt
FS-2016-033,2016-06-12.5,173.5,11.3,170,10,176,15,104,2016-06-13.0,1.0,0,165,255,http://jsoc.stanford.edu/data/farside/AR_Lists/2016/AR_LIST_2016.06.12_12:00:00.txt
FS-2016-034,2016-07-02.5,224.4,-4.1,215,-9,230,3,641,2016-07-06.3,4.3,0,153,153,http://jsoc.stanford.edu/data/farside/AR_Lists/2016/AR_LIST_2016.07.02_12:00:00.txt
FS-2016-034,2016-07-03.0,224.6,-4.2,215,-9,230,3,469,2016-07-06.8,3.8,0,153,153,http://jsoc.stanford.edu/data/farside/AR_Lists/2016/AR_LIST_2016.07.03_00:00:00.txt
FS-2016-034,2016-07-03.5,223.1,-4.7,213,-9,230,3,624,2016-07-06.5,3.5,0,153,153,http://jsoc.stanford.edu/data/farside/AR_Lists/2016/AR_LIST_2016.07.03_12:00:00.txt
FS-2016-035,2016-07-03.5,202.7,10.9,197,9,203,11,419,2016-07-07.9,4.9,126,133,23,http://jsoc.stanford.edu/data/farside/AR_Lists/2016/AR_LIST_2016.07.03_12:00:00.txt
FS-2016-034,2016-07-04.0,222.7,-5.3,213,-9,230,-1,412,2016-07-07.0,3.0,0,153,153,http://jsoc.stanford.edu/data/farside/AR_Lists/2016/AR_LIST_2016.07.04_00:00:00.txt
FS-2016-035,2016-07-04.0,201.7,11.7,195,9,212,19,458,2016-07-08.5,4.5,127,140,25,http://jsoc.stanford.edu/data/farside/AR_Lists/2016/AR_LIST_2016.07.04_00:00:00.txt
FS-2016-034,2016-07-04.5,222.4,-5.3,213,-9,230,-1,425,2016-07-06.5,2.5,0,153,153,http://jsoc.stanford.edu/data/farside/AR_Lists/2016/AR_LIST_2016.07.04_12:00:00.txt
FS-2016-035,2016-07-04.5,203.4,11.0,195,7,214,19,596,2016-07-07.9,3.9,127,140,25,http://jsoc.stanford.edu/data/farside/AR_Lists/2016/AR_LIST_2016.07.04_12:00:00.txt
FS-2016-034,2016-07-05.0,224.4,-4.9,220,-6,230,-1,200,2016-07-06.9,1.9,0,153,153,http://jsoc.stanford.edu/data/farside/AR_Lists/2016/AR_LIST_2016.07.05_00:00:00.txt
FS-2016-035,2016-07-05.0,203.5,10.8,195,7,214,19,557,2016-07-08.4,3.4,127,140,25,http://jsoc.stanford.edu/data/farside/AR_Lists/2016/AR_LIST_2016.07.05_00:00:00.txt
FS-2016-034,2016-07-05.5,223.8,-5.1,220,-6,229,-1,160,2016-07-06.4,1.4,0,153,153,http://jsoc.stanford.edu/data/farside/AR_Lists/2016/AR_LIST_2016.07.05_12:00:00.txt
FS-2016-035,2016-07-05.5,204.5,10.7,195,7,214,17,651,2016-07-07.8,2.8,127,140,25,http://jsoc.stanford.edu/data/farside/AR_Lists/2016/AR_LIST_2016.07.05_12:00:00.txt
FS-2016-036,2016-07-05.5,169.9,5.8,165,3,175,12,417,2016-07-10.4,5.4,0,127,0,http://jsoc.stanford.edu/data/farside/AR_Lists/2016/AR_LIST_2016.07.05_12:00:00.txt
FS-2016-034,2016-07-06.0,225.5,-4.9,223,-6,228,-1,76,2016-07-06.8,0.8,0,153,153,http://jsoc.stanford.edu/data/farside/AR_Lists/2016/AR_LIST_2016.07.06_00:00:00.txt
FS-2016-035,2016-07-06.0,204.3,11.0,197,7,212,17,560,2016-07-08.3,2.3,127,140,25,http://jsoc.stanford.edu/data/farside/AR_Lists/2016/AR_LIST_2016.07.06_00:00:00.txt
FS-2016-036,2016-07-06.0,170.3,5.8,165,3,175,12,370,2016-07-10.9,4.9,0,127,0,http://jsoc.stanford.edu/data/farside/AR_Lists/2016/AR_LIST_2016.07.06_00:00:00.txt
FS-2016-034,2016-07-06.5,224.9,-4.9,223,-5,225,-3,35,2016-07-06.4,0.4,21,122,122,http://jsoc.stanford.edu/data/farside/AR_Lists/2016/AR_LIST_2016.07.06_12:00:00.txt
FS-2016-035,2016-07-06.5,204.7,10.7,197,7,214,17,886,2016-07-07.8,1.8,127,140,25,http://jsoc.stanford.edu/data/farside/AR_Lists/2016/AR_LIST_2016.07.06_12:00:00.txt
FS-2016-036,2016-07-06.5,170.3,5.8,165,1,175,12,456,2016-07-10.4,4.4,0,127,0,http://jsoc.stanford.edu/data/farside/AR_Lists/2016/AR_LIST_2016.07.06_12:00:00.txt
FS-2016-035,2016-07-07.0,204.8,10.6,197,7,214,17,845,2016-07-08.3,1.3,127,140,25,http://jsoc.stanford.edu/data/farside/AR_Lists/2016/AR_LIST_2016.07.07_00:00:00.txt
FS-2016-036,2016-07-07.0,170.7,4.7,169,3,171,5,528,2016-07-10.9,3.9,4,122,0,http://jsoc.stanford.edu/data/farside/AR_Lists/2016/AR_LIST_2016.07.07_00:00:00.txt
FS-2016-035,2016-07-07.5,204.7,10.5,197,5,214,19,1007,2016-07-07.8,0.8,127,140,25,http://jsoc.stanford.edu/data/farside/AR_Lists/2016/AR_LIST_2016.07.07_12:00:00.txt
FS-2016-036,2016-07-07.5,170.8,4.9,169,3,171,5,464,2016-07-10.4,3.4,4,122,0,http://jsoc.stanford.edu/data/farside/AR_Lists/2016/AR_LIST_2016.07.07_12:00:00.txt
FS-2016-035,2016-07-08.0,203.7,10.4,198,5,209,19,771,2016-07-08.4,0.4,127,140,25,http://jsoc.stanford.edu/data/farside/AR_Lists/2016/AR_LIST_2016.07.08_00:00:00.txt
FS-2016-036,2016-07-08.0,171.0,4.3,165,1,176,10,460,2016-07-10.9,2.9,0,127,0,http://jsoc.stanford.edu/data/farside/AR_Lists/2016/AR_LIST_2016.07.08_00:00:00.txt
FS-2016-035,2016-07-08.5,200.2,10.2,197,5,203,19,349,2016-07-08.2,0.2,127,140,25,http://jsoc.stanford.edu/data/farside/AR_Lists/2016/AR_LIST_2016.07.08_12:00:00.txt
FS-2016-036,2016-07-08.5,171.8,5.0,166,1,177,10,423,2016-07-10.3,2.3,0,127,0,http://jsoc.stanford.edu/data/farside/AR_Lists/2016/AR_LIST_2016.07.08_12:00:00.txt
FS-2016-036,2016-07-09.0,172.1,4.8,166,1,178,10,480,2016-07-10.8,1.8,0,127,0,http://jsoc.stanford.edu/data/farside/AR_Lists/2016/AR_LIST_2016.07.09_00:00:00.txt
FS-2016-037,2016-07-09.0,131.9,12.9,127,7,137,22,401,2016-07-13.8,4.8,255,0,191,http://jsoc.stanford.edu/data/farside/AR_Lists/2016/AR_LIST_2016.07.09_00:00:00.txt
FS-2016-036,2016-07-09.5,172.6,5.2,166,1,178,10,371,2016-07-10.3,1.3,0,127,0,http://jsoc.stanford.edu/data/farside/AR_Lists/2016/AR_LIST_2016.07.09_12:00:00.txt
FS-2016-037,2016-07-09.5,132.1,14.0,127,7,137,22,236,2016-07-13.3,4.3,255,0,191,http://jsoc.stanford.edu/data/farside/AR_Lists/2016/AR_LIST_2016.07.09_12:00:00.txt
FS-2016-036,2016-07-10.0,172.4,4.2,166,1,178,10,469,2016-07-10.8,0.8,0,127,0,http://jsoc.stanford.edu/data/farside/AR_Lists/2016/AR_LIST_2016.07.10_00:00:00.txt
FS-2016-037,2016-07-10.0,132.0,13.6,127,7,137,22,298,2016-07-13.8,3.8,255,0,191,http://jsoc.stanford.edu/data/farside/AR_Lists/2016/AR_LIST_2016.07.10_00:00:00.txt
FS-2016-036,2016-07-10.5,172.5,4.2,166,1,176,10,352,2016-07-10.3,0.3,0,127,0,http://jsoc.stanford.edu/data/farside/AR_Lists/2016/AR_LIST_2016.07.10_12:00:00.txt
FS-2016-037,2016-07-10.5,131.1,18.4,130,17,132,19,51,2016-07-13.4,3.4,225,0,154,http://jsoc.stanford.edu/data/farside/AR_Lists/2016/AR_LIST_2016.07.10_12:00:00.txt
FS-2016-036,2016-07-11.0,168.2,4.4,167,3,169,5,63,2016-07-11.1,0.1,1,126,0,http://jsoc.stanford.edu/data/farside/AR_Lists/2016/AR_LIST_2016.07.11_00:00:00.txt
FS-2016-037,2016-07-11.0,131.4,18.3,130,17,132,19,56,2016-07-13.8,2.8,225,0,154,http://jsoc.stanford.edu/data/farside/AR_Lists/2016/AR_LIST_2016.07.11_00:00:00.txt
FS-2016-038,2016-07-30.5,168.1,6.1,159,2,176,12,508,2016-08-06.7,7.7,191,63,127,http://jsoc.stanford.edu/data/farside/AR_Lists/2016/AR_LIST_2016.07.30_12:00:00.txt
FS-2016-039,2016-07-30.5,157.7,-13.4,152,-16,164,-8,433,2016-08-07.7,8.7,191,191,191,http://jsoc.stanford.edu/data/farside/AR_Lists/2016/AR_LIST_2016.07.30_12:00:00.txt
FS-2016-038,2016-07-31.0,168.0,6.1,159,2,176,12,419,2016-08-07.2,7.2,191,63,127,http://jsoc.stanford.edu/data/farside/AR_Lists/2016/AR_LIST_2016.07.31_00:00:00.txt
FS-2016-039,2016-07-31.0,157.3,-12.8,150,-16,164,-6,560,2016-08-08.2,8.2,191,191,191,http://jsoc.stanford.edu/data/farside/AR_Lists/2016/AR_LIST_2016.07.31_00:00:00.txt
FS-2016-038,2016-07-31.5,168.3,5.8,159,2,176,12,663,2016-08-06.7,6.7,191,63,127,http://jsoc.stanford.edu/data/farside/AR_Lists/2016/AR_LIST_2016.07.31_12:00:00.txt
FS-2016-039,2016-07-31.5,157.6,-12.7,150,-18,166,-6,762,2016-08-07.7,7.7,191,191,191,http://jsoc.stanford.edu/data/farside/AR_Lists/2016/AR_LIST_2016.07.31_12:00:00.txt
FS-2016-038,2016-08-01.0,169.0,5.4,161,1,178,12,649,2016-08-07.2,6.2,191,63,127,http://jsoc.stanford.edu/data/farside/AR_Lists/2016/AR_LIST_2016.08.01_00:00:00.txt
FS-2016-039,2016-08-01.0,157.6,-12.8,150,-18,166,-6,715,2016-08-08.2,7.2,191,191,191,http://jsoc.stanford.edu/data/farside/AR_Lists/2016/AR_LIST_2016.08.01_00:00:00.txt
FS-2016-038,2016-08-01.5,168.4,5.9,159,1,178,12,903,2016-08-06.7,5.7,191,63,127,http://jsoc.stanford.edu/data/farside/AR_Lists/2016/AR_LIST_2016.08.01_12:00:00.txt
FS-2016-039,2016-08-01.5,157.2,-12.4,150,-18,166,-6,841,2016-08-07.7,6.7,191,191,191,http://jsoc.stanford.edu/data/farside/AR_Lists/2016/AR_LIST_2016.08.01_12:00:00.txt
FS-2016-040,2016-08-13.0,345.9,-16.2,340,-22,352,-10,460,2016-08-21.3,8.3,0,51,127,http://jsoc.stanford.edu/data/farside/AR_Lists/2016/AR_LIST_2016.08.13_00:00:00.txt
FS-2016-040,2016-08-13.5,346.6,-14.9,340,-22,354,-6,505,2016-08-20.7,7.7,0,51,127,http://jsoc.stanford.edu/data/farside/AR_Lists/2016/AR_LIST_2016.08.13_12:00:00.txt
FS-2016-040,2016-08-14.0,346.8,-15.1,339,-22,356,-6,968,2016-08-21.2,7.2,0,51,127,http://jsoc.stanford.edu/data/farside/AR_Lists/2016/AR_LIST_2016.08.14_00:00:00.txt
FS-2016-040,2016-08-14.5,346.9,-15.3,338,-22,356,-6,1003,2016-08-20.7,6.7,0,51,127,http://jsoc.stanford.edu/data/farside/AR_Lists/2016/AR_LIST_2016.08.14_12:00:00.txt
FS-2016-040,2016-08-15.0,347.5,-15.6,338,-22,358,-6,1177,2016-08-21.2,6.2,0,51,127,http://jsoc.stanford.edu/data/farside/AR_Lists/2016/AR_LIST_2016.08.15_00:00:00.txt
FS-2016-040,2016-08-15.5,347.8,-15.9,338,-22,358,-6,1015,2016-08-20.6,5.6,0,51,127,http://jsoc.stanford.edu/data/farside/AR_Lists/2016/AR_LIST_2016.08.15_12:00:00.txt
FS-2016-040,2016-08-16.0,347.6,-16.2,338,-23,358,-8,1071,2016-08-21.2,5.2,0,51,127,http://jsoc.stanford.edu/data/farside/AR_Lists/2016/AR_LIST_2016.08.16_00:00:00.txt
FS-2016-040,2016-08-16.5,347.2,-15.8,338,-23,357,-8,968,2016-08-20.7,4.7,0,51,127,http://jsoc.stanford.edu/data/farside/AR_Lists/2016/AR_LIST_2016.08.16_12:00:00.txt
FS-2016-040,2016-08-17.0,346.6,-16.2,338,-23,357,-10,848,2016-08-21.2,4.2,0,51,127,http://jsoc.stanford.edu/data/farside/AR_Lists/2016/AR_LIST_2016.08.17_00:00:00.txt
FS-2016-040,2016-08-17.5,346.2,-15.7,337,-22,356,-10,759,2016-08-20.8,3.8,0,51,127,http://jsoc.stanford.edu/data/farside/AR_Lists/2016/AR_LIST_2016.08.17_12:00:00.txt
FS-2016-040,2016-08-18.0,345.5,-16.2,337,-22,356,-10,577,2016-08-21.3,3.3,0,51,127,http://jsoc.stanford.edu/data/farside/AR_Lists/2016/AR_LIST_2016.08.18_00:00:00.txt
FS-2016-040,2016-08-18.5,345.2,-16.0,337,-20,355,-10,493,2016-08-20.8,2.8,0,51,127,http://jsoc.stanford.edu/data/farside/AR_Lists/2016/AR_LIST_2016.08.18_12:00:00.txt
FS-2016-040,2016-08-19.0,344.7,-16.7,337,-20,354,-10,384,2016-08-21.4,2.4,0,51,127,http://jsoc.stanford.edu/data/farside/AR_Lists/2016/AR_LIST_2016.08.19_00:00:00.txt
FS-2016-040,2016-08-19.5,344.6,-17.2,337,-20,352,-13,261,2016-08-20.9,1.9,0,51,127,http://jsoc.stanford.edu/data/farside/AR_Lists/2016/AR_LIST_2016.08.19_12:00:00.txt
FS-2016-040,2016-08-20.0,345.0,-18.0,340,-20,350,-13,198,2016-08-21.4,1.4,0,51,127,http://jsoc.stanford.edu/data/farside/AR_Lists/2016/AR_LIST_2016.08.20_00:00:00.txt
FS-2016-040,2016-08-20.5,345.5,-18.7,343,-20,349,-15,85,2016-08-20.9,0.9,0,51,127,http://jsoc.stanford.edu/data/farside/AR_Lists/2016/AR_LIST_2016.08.20_12:00:00.txt
FS-2016-040,2016-08-21.0,343.6,-18.5,342,-19,344,-17,138,2016-08-21.5,0.5,10,46,114,http://jsoc.stanford.edu/data/farside/AR_Lists/2016/AR_LIST_2016.08.21_00:00:00.txt
FS-2016-040,2016-08-21.5,341.1,-18.3,340,-19,342,-17,46,2016-08-21.2,0.2,3,49,122,http://jsoc.stanford.edu/data/farside/AR_Lists/2016/AR_LIST_2016.08.21_12:00:00.txt
FS-2016-041,2016-09-05.5,24.7,14.2,19,11,31,21,506,2016-09-13.8,8.8,0,0,255,http://jsoc.stanford.edu/data/farside/AR_Lists/2016/AR_LIST_2016.09.05_12:00:00.txt
FS-2016-041,2016-09-06.0,23.1,15.2,15,11,31,23,682,2016-09-14.4,8.4,0,0,255,http://jsoc.stanford.edu/data/farside/AR_Lists/2016/AR_LIST_2016.09.06_00:00:00.txt
FS-2016-041,2016-09-06.5,24.8,14.3,15,9,33,23,904,2016-09-13.8,7.8,0,0,255,http://jsoc.stanford.edu/data/farside/AR_Lists/2016/AR_LIST_2016.09.06_12:00:00.txt
FS-2016-041,2016-09-07.0,23.5,15.1,13,9,33,23,929,2016-09-14.4,7.4,0,0,255,http://jsoc.stanford.edu/data/farside/AR_Lists/2016/AR_LIST_2016.09.07_00:00:00.txt
FS-2016-041,2016-09-07.5,23.3,14.8,12,9,33,24,1072,2016-09-13.9,6.9,0,0,255,http://jsoc.stanford.edu/data/farside/AR_Lists/2016/AR_LIST_2016.09.07_12:00:00.txt
FS-2016-041,2016-09-08.5,22.8,15.0,12,10,33,24,1102,2016-09-13.9,5.9,0,0,255,http://jsoc.stanford.edu/data/farside/AR_Lists/2016/AR_LIST_2016.09.08_12:00:00.txt
FS-2016-041,2016-09-09.0,22.8,15.1,12,10,32,24,865,2016-09-14.4,5.4,0,0,255,http://jsoc.stanford.edu/data/farside/AR_Lists/2016/AR_LIST_2016.09.09_00:00:00.txt
FS-2016-041,2016-09-09.5,22.7,15.2,12,10,32,24,931,2016-09-14.0,5.0,0,0,255,http://jsoc.stanford.edu/data/farside/AR_Lists/2016/AR_LIST_2016.09.09_12:00:00.txt
FS-2016-041,2016-09-10.0,22.7,15.2,14,10,31,24,621,2016-09-14.4,4.4,0,0,255,http://jsoc.stanford.edu/data/farside/AR_Lists/2016/AR_LIST_2016.09.10_00:00:00.txt
FS-2016-041,2016-09-10.5,22.1,15.3,14,10,31,24,570,2016-09-14.0,4.0,0,0,255,http://jsoc.stanford.edu/data/farside/AR_Lists/2016/AR_LIST_2016.09.10_12:00:00.txt
FS-2016-041,2016-09-11.0,21.0,15.5,15,12,27,23,347,2016-09-14.6,3.6,0,0,255,http://jsoc.stanford.edu/data/farside/AR_Lists/2016/AR_LIST_2016.09.11_00:00:00.txt
FS-2016-041,2016-09-11.5,18.8,13.3,16,9,19,14,375,2016-09-14.3,3.3,1,0,252,http://jsoc.stanford.edu/data/farside/AR_Lists/2016/AR_LIST_2016.09.11_12:00:00.txt
FS-2016-042,2016-09-11.5,341.9,-18.5,336,-23,348,-10,504,2016-09-17.4,6.4,0,127,255,http://jsoc.stanford.edu/data/farside/AR_Lists/2016/AR_LIST_2016.09.11_12:00:00.txt
FS-2016-041,2016-09-12.0,18.1,13.0,16,9,19,14,168,2016-09-14.8,2.8,1,0,252,http://jsoc.stanford.edu/data/farside/AR_Lists/2016/AR_LIST_2016.09.12_00:00:00.txt
FS-2016-042,2016-09-12.0,341.3,-20.0,335,-27,348,-10,540,2016-09-18.0,6.0,0,127,255,http://jsoc.stanford.edu/data/farside/AR_Lists/2016/AR_LIST_2016.09.12_00:00:00.txt
FS-2016-041,2016-09-12.5,17.6,12.3,12,5,22,19,171,2016-09-14.4,2.4,0,0,255,http://jsoc.stanford.edu/data/farside/AR_Lists/2016/AR_LIST_2016.09.12_12:00:00.txt
FS-2016-042,2016-09-12.5,341.2,-19.7,334,-27,348,-10,552,2016-09-17.5,5.5,0,127,255,http://jsoc.stanford.edu/data/farside/AR_Lists/2016/AR_LIST_2016.09.12_12:00:00.txt
FS-2016-041,2016-09-13.0,19.8,14.7,18,13,20,15,149,2016-09-14.7,1.7,3,0,249,http://jsoc.stanford.edu/data/farside/AR_Lists/2016/AR_LIST_2016.09.13_00:00:00.txt
FS-2016-042,2016-09-13.0,340.0,-21.3,332,-27,348,-12,597,2016-09-18.1,5.1,0,127,255,http://jsoc.stanford.edu/data/farside/AR_Lists/2016/AR_LIST_2016.09.13_00:00:00.txt
FS-2016-041,2016-09-13.5,19.7,14.6,18,13,20,15,116,2016-09-14.2,1.2,3,0,249,http://jsoc.stanford.edu/data/farside/AR_Lists/2016/AR_LIST_2016.09.13_12:00:00.txt
FS-2016-042,2016-09-13.5,339.8,-21.4,332,-27,348,-12,452,2016-09-17.6,4.6,0,127,255,http://jsoc.stanford.edu/data/farside/AR_Lists/2016/AR_LIST_2016.09.13_12:00:00.txt
FS-2016-041,2016-09-14.0,22.2,13.2,17,12,23,18,248,2016-09-14.5,0.5,4,0,245,http://jsoc.stanford.edu/data/farside/AR_Lists/2016/AR_LIST_2016.09.14_00:00:00.txt
FS-2016-042,2016-09-14.0,339.6,-22.1,332,-27,348,-15,423,2016-09-18.2,4.2,0,127,255,http://jsoc.stanford.edu/data/farside/AR_Lists/2016/AR_LIST_2016.09.14_00:00:00.txt
FS-2016-041,2016-09-14.5,19.8,14.5,17,13,22,15,92,2016-09-14.2,0.2,20,0,206,http://jsoc.stanford.edu/data/farside/AR_Lists/2016/AR_LIST_2016.09.14_12:00:00.txt
FS-2016-042,2016-09-14.5,340.2,-22.6,1,-88,359,85,110,2016-09-17.6,3.6,102,0,0,http://jsoc.stanford.edu/data/farside/AR_Lists/2016/AR_LIST_2016.09.14_12:00:00.txt
FS-2016-042,2016-09-15.0,340.5,-22.6,1,-88,359,85,114,2016-09-18.1,3.1,102,0,0,http://jsoc.stanford.edu/data/farside/AR_Lists/2016/AR_LIST_2016.09.15_00:00:00.txt
FS-2016-043,2016-09-20.5,222.7,8.9,221,7,223,9,487,2016-09-26.1,6.1,74,69,69,http://jsoc.stanford.edu/data/farside/AR_Lists/2016/AR_LIST_2016.09.20_12:00:00.txt
FS-2016-043,2016-09-21.0,224.2,9.2,1,-88,359,85,492,2016-09-26.5,5.5,102,0,0,http://jsoc.stanford.edu/data/farside/AR_Lists/2016/AR_LIST_2016.09.21_00:00:00.txt
FS-2016-043,2016-09-21.5,223.8,8.9,1,-88,359,85,485,2016-09-26.0,5.0,102,0,0,http://jsoc.stanford.edu/data/farside/AR_Lists/2016/AR_LIST_2016.09.21_12:00:00.txt
FS-2016-043,2016-09-22.0,226.4,10.0,225,9,227,11,293,2016-09-26.3,4.3,1,253,253,http://jsoc.stanford.edu/data/farside/AR_Lists/2016/AR_LIST_2016.09.22_00:00:00.txt
FS-2016-043,2016-09-22.5,226.0,10.2,225,7,233,11,175,2016-09-25.8,3.8,96,15,15,http://jsoc.stanford.edu/data/farside/AR_Lists/2016/AR_LIST_2016.09.22_12:00:00.txt
FS-2016-043,2016-09-23.0,226.2,10.6,225,9,232,17,163,2016-09-26.3,3.3,97,13,13,http://jsoc.stanford.edu/data/farside/AR_Lists/2016/AR_LIST_2016.09.23_00:00:00.txt
FS-2016-043,2016-09-23.5,223.1,10.8,1,-88,359,85,47,2016-09-26.1,3.1,102,0,0,http://jsoc.stanford.edu/data/farside/AR_Lists/2016/AR_LIST_2016.09.23_12:00:00.txt
FS-2016-043,2016-09-24.0,219.5,9.2,218,8,220,10,35,2016-09-26.9,2.9,22,199,199,http://jsoc.stanford.edu/data/farside/AR_Lists/2016/AR_LIST_2016.09.24_00:00:00.txt
FS-2016-044,2016-09-24.5,163.9,-12.7,156,-20,171,-4,850,2016-09-30.8,6.8,0,191,0,http://jsoc.stanford.edu/data/farside/AR_Lists/2016/AR_LIST_2016.09.24_12:00:00.txt
FS-2016-045,2016-09-24.5,139.1,-13.2,132,-15,146,-8,477,2016-10-02.6,8.6,255,127,51,http://jsoc.stanford.edu/data/farside/AR_Lists/2016/AR_LIST_2016.09.24_12:00:00.txt
FS-2016-044,2016-09-25.0,163.0,-12.3,155,-20,171,-4,963,2016-10-01.3,6.3,0,191,0,http://jsoc.stanford.edu/data/farside/AR_Lists/2016/AR_LIST_2016.09.25_00:00:00.txt
FS-2016-045,2016-09-25.0,138.7,-13.3,130,-18,146,-6,699,2016-10-03.2,8.2,255,127,51,http://jsoc.stanford.edu/data/farside/AR_Lists/2016/AR_LIST_2016.09.25_00:00:00.txt
FS-2016-044,2016-09-25.5,163.0,-12.5,154,-20,171,-4,1067,2016-09-30.8,5.8,0,191,0,http://jsoc.stanford.edu/data/farside/AR_Lists/2016/AR_LIST_2016.09.25_12:00:00.txt
FS-2016-045,2016-09-25.5,139.5,-12.9,130,-18,148,-6,1049,2016-10-02.6,7.6,255,127,51,http://jsoc.stanford.edu/data/farside/AR_Lists/2016/AR_LIST_2016.09.25_12:00:00.txt
FS-2016-044,2016-09-26.0,162.3,-12.2,154,-20,169,-4,886,2016-10-01.4,5.4,0,191,0,http://jsoc.stanford.edu/data/farside/AR_Lists/2016/AR_LIST_2016.09.26_00:00:00.txt
FS-2016-045,2016-09-26.0,138.8,-13.4,129,-18,148,-6,1082,2016-10-03.2,7.2,255,127,51,http://jsoc.stanford.edu/data/farside/AR_Lists/2016/AR_LIST_2016.09.26_00:00:00.txt
FS-2016-044,2016-09-26.5,164.3,-11.3,129,-18,166,-4,294,2016-09-30.7,4.7,255,127,51,http://jsoc.stanford.edu/data/farside/AR_Lists/2016/AR_LIST_2016.09.26_12:00:00.txt
FS-2016-045,2016-09-26.5,145.4,-13.5,129,-18,166,-4,1844,2016-10-02.2,6.2,255,127,51,http://jsoc.stanford.edu/data/farside/AR_Lists/2016/AR_LIST_2016.09.26_12:00:00.txt
FS-2016-044,2016-09-27.0,161.9,-9.1,155,-10,162,-8,130,2016-10-01.4,4.4,36,182,7,http://jsoc.stanford.edu/data/farside/AR_Lists/2016/AR_LIST_2016.09.27_00:00:00.txt
FS-2016-045,2016-09-27.0,144.1,-13.8,129,-20,166,-4,1838,2016-10-02.8,5.8,255,127,51,http://jsoc.stanford.edu/data/farside/AR_Lists/2016/AR_LIST_2016.09.27_00:00:00.txt
FS-2016-045,2016-09-27.5,142.5,-13.7,129,-20,166,-4,2008,2016-10-02.4,5.4,255,127,51,http://jsoc.stanford.edu/data/farside/AR_Lists/2016/AR_LIST_2016.09.27_12:00:00.txt
FS-2016-045,2016-09-28.0,141.1,-13.3,129,-22,164,-1,1918,2016-10-03.0,5.0,255,127,51,http://jsoc.stanford.edu/data/farside/AR_Lists/2016/AR_LIST_2016.09.28_00:00:00.txt
FS-2016-045,2016-09-28.5,139.8,-13.1,129,-22,162,-1,1931,2016-10-02.6,4.6,255,127,51,http://jsoc.stanford.edu/data/farside/AR_Lists/2016/AR_LIST_2016.09.28_12:00:00.txt
FS-2016-045,2016-09-29.0,138.9,-12.7,123,-22,162,-1,2008,2016-10-03.2,4.2,255,127,51,http://jsoc.stanford.edu/data/farside/AR_Lists/2016/AR_LIST_2016.09.29_00:00:00.txt
FS-2016-045,2016-09-29.5,136.7,-12.5,116,-22,151,-1,2419,2016-10-02.8,3.8,255,127,51,http://jsoc.stanford.edu/data/farside/AR_Lists/2016/AR_LIST_2016.09.29_12:00:00.txt
FS-2016-045,2016-09-30.0,137.4,-12.4,116,-22,151,-1,2078,2016-10-03.3,3.3,255,127,51,http://jsoc.stanford.edu/data/farside/AR_Lists/2016/AR_LIST_2016.09.30_00:00:00.txt
FS-2016-045,2016-09-30.5,137.9,-12.6,116,-22,151,-1,2064,2016-10-02.8,2.8,255,127,51,http://jsoc.stanford.edu/data/farside/AR_Lists/2016/AR_LIST_2016.09.30_12:00:00.txt
FS-2016-045,2016-10-01.0,139.7,-12.4,121,-20,151,-1,1701,2016-10-03.1,2.1,255,127,51,http://jsoc.stanford.edu/data/farside/AR_Lists/2016/AR_LIST_2016.10.01_00:00:00.txt
FS-2016-045,2016-10-01.5,140.0,-12.7,123,-20,151,-3,1594,2016-10-02.6,1.6,255,127,51,http://jsoc.stanford.edu/data/farside/AR_Lists/2016/AR_LIST_2016.10.01_12:00:00.txt
FS-2016-045,2016-10-02.0,140.6,-12.6,127,-18,151,-3,1347,2016-10-03.1,1.1,255,127,51,http://jsoc.stanford.edu/data/farside/AR_Lists/2016/AR_LIST_2016.10.02_00:00:00.txt
FS-2016-045,2016-10-02.5,139.7,-13.3,127,-18,148,-6,1057,2016-10-02.6,0.6,255,127,51,http://jsoc.stanford.edu/data/farside/AR_Lists/2016/AR_LIST_2016.10.02_12:00:00.txt
FS-2016-045,2016-10-03.0,137.7,-13.5,132,-18,142,-6,511,2016-10-03.3,0.3,255,127,51,http://jsoc.stanford.edu/data/farside/AR_Lists/2016/AR_LIST_2016.10.03_00:00:00.txt
FS-2016-045,2016-10-03.5,133.3,-13.7,130,-15,135,-10,122,2016-10-03.1,0.1,255,127,51,http://jsoc.stanford.edu/data/farside/AR_Lists/2016/AR_LIST_2016.10.03_12:00:00.txt
FS-2016-046,2016-10-07.5,354.8,5.7,350,-4,359,14,438,2016-10-13.4,6.4,255,0,255,http://jsoc.stanford.edu/data/farside/AR_Lists/2016/AR_LIST_2016.10.07_12:00:00.txt
FS-2016-046,2016-10-08.0,355.0,4.5,354,3,356,5,456,2016-10-13.9,5.9,168,0,110,http://jsoc.stanford.edu/data/farside/AR_Lists/2016/AR_LIST_2016.10.08_00:00:00.txt
FS-2016-046,2016-10-08.5,354.9,5.5,350,-4,359,14,450,2016-10-13.4,5.4,255,0,255,http://jsoc.stanford.edu/data/farside/AR_Lists/2016/AR_LIST_2016.10.08_12:00:00.txt
FS-2016-046,2016-10-09.0,355.0,5.4,354,4,356,6,347,2016-10-13.9,4.9,242,0,233,http://jsoc.stanford.edu/data/farside/AR_Lists/2016/AR_LIST_2016.10.09_00:00:00.txt
FS-2016-046,2016-10-09.5,354.9,7.7,351,4,359,14,228,2016-10-13.4,4.4,255,0,255,http://jsoc.stanford.edu/data/farside/AR_Lists/2016/AR_LIST_2016.10.09_12:00:00.txt
FS-2016-046,2016-10-10.0,354.4,8.6,351,7,359,12,175,2016-10-13.9,3.9,255,0,255,http://jsoc.stanford.edu/data/farside/AR_Lists/2016/AR_LIST_2016.10.10_00:00:00.txt
FS-2016-046,2016-10-10.5,353.4,8.5,351,7,357,12,79,2016-10-13.5,3.5,255,0,255,http://jsoc.stanford.edu/data/farside/AR_Lists/2016/AR_LIST_2016.10.10_12:00:00.txt
FS-2016-046,2016-10-11.0,353.3,8.7,351,7,357,12,57,2016-10-14.0,3.0,255,0,255,http://jsoc.stanford.edu/data/farside/AR_Lists/2016/AR_LIST_2016.10.11_00:00:00.txt
FS-2016-047,2016-11-14.0,191.7,9.7,184,7,200,15,545,2016-11-22.5,8.5,255,0,127,http://jsoc.stanford.edu/data/farside/AR_Lists/2016/AR_LIST_2016.11.14_00:00:00.txt
FS-2016-047,2016-11-14.5,193.0,9.4,184,7,202,15,532,2016-11-21.9,7.9,255,0,127,http://jsoc.stanford.edu/data/farside/AR_Lists/2016/AR_LIST_2016.11.14_12:00:00.txt
FS-2016-047,2016-11-15.0,192.9,9.7,184,7,203,17,785,2016-11-22.4,7.4,255,0,127,http://jsoc.stanford.edu/data/farside/AR_Lists/2016/AR_LIST_2016.11.15_00:00:00.txt
FS-2016-047,2016-11-15.5,193.6,9.4,184,5,203,17,815,2016-11-21.9,6.9,255,0,127,http://jsoc.stanford.edu/data/farside/AR_Lists/2016/AR_LIST_2016.11.15_12:00:00.txt
FS-2016-047,2016-11-16.0,193.3,9.9,184,5,205,17,1055,2016-11-22.4,6.4,255,0,127,http://jsoc.stanford.edu/data/farside/AR_Lists/2016/AR_LIST_2016.11.16_00:00:00.txt
FS-2016-047,2016-11-16.5,193.8,9.8,184,5,205,17,970,2016-11-21.9,5.9,255,0,127,http://jsoc.stanford.edu/data/farside/AR_Lists/2016/AR_LIST_2016.11.16_12:00:00.txt
FS-2016-047,2016-11-17.0,193.5,10.1,184,5,205,17,1051,2016-11-22.4,5.4,255,0,127,http://jsoc.stanford.edu/data/farside/AR_Lists/2016/AR_LIST_2016.11.17_00:00:00.txt
FS-2016-047,2016-11-17.5,193.9,10.1,186,5,205,17,955,2016-11-21.9,4.9,255,0,127,http://jsoc.stanford.edu/data/farside/AR_Lists/2016/AR_LIST_2016.11.17_12:00:00.txt
FS-2016-047,2016-11-18.0,193.1,10.2,186,5,205,17,902,2016-11-22.5,4.5,255,0,127,http://jsoc.stanford.edu/data/farside/AR_Lists/2016/AR_LIST_2016.11.18_00:00:00.txt
FS-2016-047,2016-11-18.5,192.6,10.0,186,5,203,17,735,2016-11-22.0,4.0,255,0,127,http://jsoc.stanford.edu/data/farside/AR_Lists/2016/AR_LIST_2016.11.18_12:00:00.txt
FS-2016-047,2016-11-19.0,191.7,10.0,186,5,198,17,621,2016-11-22.6,3.6,255,0,127,http://jsoc.stanford.edu/data/farside/AR_Lists/2016/AR_LIST_2016.11.19_00:00:00.txt
FS-2016-047,2016-11-19.5,191.3,9.4,184,5,198,15,525,2016-11-22.1,3.1,255,0,127,http://jsoc.stanford.edu/data/farside/AR_Lists/2016/AR_LIST_2016.11.19_12:00:00.txt
FS-2016-047,2016-11-20.0,191.4,9.7,184,5,198,15,481,2016-11-22.6,2.6,255,0,127,http://jsoc.stanford.edu/data/farside/AR_Lists/2016/AR_LIST_2016.11.20_00:00:00.txt
FS-2016-047,2016-11-20.5,191.0,9.6,184,5,198,15,431,2016-11-22.2,2.2,255,0,127,http://jsoc.stanford.edu/data/farside/AR_Lists/2016/AR_LIST_2016.11.20_12:00:00.txt
FS-2016-047,2016-11-21.0,191.2,10.2,186,7,198,15,375,2016-11-22.7,1.7,255,0,127,http://jsoc.stanford.edu/data/farside/AR_Lists/2016/AR_LIST_2016.11.21_00:00:00.txt
FS-2016-047,2016-11-21.5,190.7,9.8,186,7,196,15,302,2016-11-22.2,1.2,255,0,127,http://jsoc.stanford.edu/data/farside/AR_Lists/2016/AR_LIST_2016.11.21_12:00:00.txt
FS-2016-047,2016-11-22.0,191.3,9.7,186,7,196,15,280,2016-11-22.7,0.7,255,0,127,http://jsoc.stanford.edu/data/farside/AR_Lists/2016/AR_LIST_2016.11.22_00:00:00.txt
FS-2016-047,2016-11-22.5,190.0,9.3,186,7,194,14,155,2016-11-22.3,0.3,255,0,127,http://jsoc.stanford.edu/data/farside/AR_Lists/2016/AR_LIST_2016.11.22_12:00:00.txt
FS-2016-047,2016-11-23.0,187.0,9.5,186,-53,190,17,5,2016-11-23.0,0.0,107,10,8,http://jsoc.stanford.edu/data/farside/AR_Lists/2016/AR_LIST_2016.11.23_00:00:00.txt
